Time (s),Potential 1 (V),Potential 2 (V)
0,-0.00732600732601,-0.026862026862
0.1,-0.00732600732601,-0.017094017094
0.2,-0.00732600732601,-0.017094017094
0.3,-0.01221001221,-0.026862026862
0.4,-0.01221001221,-0.021978021978
0.5,-0.00732600732601,-0.021978021978
0.6,-0.01221001221,-0.021978021978
0.7,-0.00732600732601,-0.026862026862
0.8,-0.01221001221,-0.021978021978
0.9,-0.01221001221,-0.021978021978
1,-0.00732600732601,-0.026862026862
1.1,-0.00732600732601,-0.021978021978
1.2,-0.00732600732601,-0.021978021978
1.3,-0.01221001221,-0.026862026862
1.4,-0.00732600732601,-0.026862026862
1.5,-0.00732600732601,-0.026862026862
1.6,-0.01221001221,-0.026862026862
1.7,-0.00732600732601,-0.021978021978
1.8,-0.01221001221,-0.026862026862
1.9,-0.00732600732601,-0.026862026862
2,-0.00732600732601,-0.021978021978
2.1,-0.00732600732601,-0.021978021978
2.2,-0.00732600732601,-0.021978021978
2.3,-0.002442002442,-0.021978021978
2.4,-0.00732600732601,-0.021978021978
2.5,-0.00732600732601,-0.021978021978
2.6,-0.00732600732601,-0.021978021978
2.7,-0.01221001221,-0.026862026862
2.8,-0.00732600732601,-0.026862026862
2.9,-0.00732600732601,-0.026862026862
3,-0.01221001221,-0.017094017094
3.1,-0.00732600732601,-0.021978021978
3.2,-0.01221001221,-0.021978021978
3.3,-0.002442002442,-0.026862026862
3.4,-0.00732600732601,-0.026862026862
3.5,-0.00732600732601,-0.021978021978
3.6,-0.01221001221,-0.021978021978
3.7,-0.00732600732601,-0.026862026862
3.8,-0.01221001221,-0.017094017094
3.9,-0.00732600732601,-0.017094017094
4,-0.00732600732601,-0.017094017094
4.1,-0.00732600732601,-0.021978021978
4.2,-0.00732600732601,-0.026862026862
4.3,-0.00732600732601,-0.026862026862
4.4,-0.002442002442,-0.021978021978
4.5,-0.00732600732601,-0.017094017094
4.6,-0.01221001221,-0.026862026862
4.7,-0.00732600732601,-0.026862026862
4.8,-0.01221001221,-0.021978021978
4.9,-0.00732600732601,-0.021978021978
5,-0.00732600732601,-0.021978021978
5.1,-0.00732600732601,-0.021978021978
5.2,-0.01221001221,-0.026862026862
5.3,-0.01221001221,-0.021978021978
5.4,-0.00732600732601,-0.021978021978
5.5,-0.00732600732601,-0.021978021978
5.6,-0.00732600732601,-0.021978021978
5.7,-0.00732600732601,-0.017094017094
5.8,-0.00732600732601,-0.021978021978
5.9,-0.002442002442,-0.021978021978
6,-0.00732600732601,-0.021978021978
6.1,-0.01221001221,-0.026862026862
6.2,-0.00732600732601,-0.026862026862
6.3,-0.00732600732601,-0.021978021978
6.4,-0.00732600732601,-0.026862026862
6.5,-0.00732600732601,-0.017094017094
6.6,-0.00732600732601,-0.021978021978
6.7,-0.00732600732601,-0.026862026862
6.8,-0.00732600732601,-0.026862026862
6.9,-0.00732600732601,-0.026862026862
7,-0.002442002442,-0.026862026862
7.1,-0.00732600732601,-0.021978021978
7.2,-0.01221001221,-0.026862026862
7.3,-0.01221001221,-0.026862026862
7.4,-0.00732600732601,-0.021978021978
7.5,-0.01221001221,-0.017094017094
7.6,-0.01221001221,-0.026862026862
7.7,-0.00732600732601,-0.026862026862
7.8,-0.01221001221,-0.017094017094
7.9,-0.01221001221,-0.026862026862
8,-0.00732600732601,-0.021978021978
8.1,-0.00732600732601,-0.017094017094
8.2,-0.017094017094,-0.021978021978
8.3,-0.002442002442,-0.017094017094
8.4,-0.00732600732601,-0.021978021978
8.5,-0.01221001221,-0.026862026862
8.6,-0.00732600732601,-0.021978021978
8.7,-0.00732600732601,-0.021978021978
8.8,-0.01221001221,-0.026862026862
8.9,-0.002442002442,-0.021978021978
9,-0.00732600732601,-0.026862026862
9.1,-0.01221001221,-0.026862026862
9.2,-0.00732600732601,-0.021978021978
9.3,-0.00732600732601,-0.026862026862
9.4,-0.01221001221,-0.017094017094
9.5,-0.00732600732601,-0.021978021978
9.6,-0.01221001221,-0.026862026862
9.7,-0.01221001221,-0.026862026862
9.8,-0.00732600732601,-0.021978021978
9.9,-0.00732600732601,-0.021978021978
10,-0.017094017094,-0.026862026862
10.1,-0.00732600732601,-0.017094017094
10.2,-0.00732600732601,-0.021978021978
10.3,-0.00732600732601,-0.021978021978
10.4,-0.00732600732601,-0.021978021978
10.5,-0.002442002442,-0.026862026862
10.6,-0.00732600732601,-0.026862026862
10.7,-0.002442002442,-0.021978021978
10.8,-0.00732600732601,-0.017094017094
10.9,-0.01221001221,-0.026862026862
11,-0.002442002442,-0.021978021978
11.1,-0.00732600732601,-0.017094017094
11.2,-0.002442002442,-0.026862026862
11.3,-0.002442002442,-0.021978021978
11.4,0.002442002442,-0.021978021978
11.5,-0.002442002442,-0.021978021978
11.6,0.002442002442,-0.021978021978
11.7,0.002442002442,-0.021978021978
11.8,-0.002442002442,-0.021978021978
11.9,-0.002442002442,-0.021978021978
12,-0.00732600732601,-0.026862026862
12.1,-0.002442002442,-0.021978021978
12.2,-0.002442002442,-0.026862026862
12.3,0.002442002442,-0.021978021978
12.4,0.026862026862,-0.021978021978
12.5,0.0757020757021,-0.017094017094
12.6,0.0659340659341,-0.026862026862
12.7,0.0757020757021,-0.026862026862
12.8,0.0757020757021,-0.021978021978
12.9,0.0757020757021,-0.017094017094
13,0.0708180708181,-0.026862026862
13.1,0.0757020757021,-0.026862026862
13.2,0.0757020757021,-0.021978021978
13.3,0.0708180708181,-0.021978021978
13.4,0.0708180708181,-0.021978021978
13.5,0.0708180708181,-0.026862026862
13.6,0.0757020757021,-0.021978021978
13.7,0.0708180708181,-0.026862026862
13.8,0.0757020757021,-0.021978021978
13.9,0.0708180708181,-0.021978021978
14,0.0708180708181,-0.026862026862
14.1,0.0757020757021,-0.026862026862
14.2,0.0708180708181,-0.026862026862
14.3,0.0708180708181,-0.021978021978
14.4,0.0805860805861,-0.021978021978
14.5,0.0708180708181,-0.026862026862
14.6,0.0659340659341,-0.031746031746
14.7,0.0708180708181,-0.031746031746
14.8,0.0708180708181,-0.026862026862
14.9,0.0757020757021,-0.021978021978
15,0.0708180708181,-0.021978021978
15.1,0.0757020757021,-0.026862026862
15.2,0.119658119658,-0.021978021978
15.3,0.114774114774,-0.026862026862
15.4,0.10989010989,-0.021978021978
15.5,0.114774114774,-0.021978021978
15.6,0.114774114774,-0.021978021978
15.7,0.10989010989,-0.021978021978
15.8,0.10989010989,-0.026862026862
15.9,0.114774114774,-0.021978021978
16,0.10989010989,-0.017094017094
16.1,0.105006105006,-0.021978021978
16.2,0.114774114774,-0.021978021978
16.3,0.119658119658,-0.021978021978
16.4,0.10989010989,-0.021978021978
16.5,0.114774114774,-0.021978021978
16.6,0.10989010989,-0.026862026862
16.7,0.114774114774,-0.026862026862
16.8,0.114774114774,-0.017094017094
16.9,0.10989010989,-0.021978021978
17,0.114774114774,-0.026862026862
17.1,0.114774114774,-0.026862026862
17.2,0.105006105006,-0.021978021978
17.3,0.114774114774,-0.021978021978
17.4,0.10989010989,-0.021978021978
17.5,0.10989010989,-0.026862026862
17.6,0.10989010989,-0.026862026862
17.7,0.114774114774,-0.021978021978
17.8,0.114774114774,-0.021978021978
17.9,0.119658119658,-0.021978021978
18,0.148962148962,-0.026862026862
18.1,0.153846153846,-0.026862026862
18.2,0.153846153846,-0.021978021978
18.3,0.153846153846,-0.021978021978
18.4,0.148962148962,-0.021978021978
18.5,0.15873015873,-0.026862026862
18.6,0.15873015873,-0.021978021978
18.7,0.148962148962,-0.021978021978
18.8,0.153846153846,-0.021978021978
18.9,0.15873015873,-0.017094017094
19,0.153846153846,-0.021978021978
19.1,0.15873015873,-0.021978021978
19.2,0.15873015873,-0.017094017094
19.3,0.153846153846,-0.021978021978
19.4,0.153846153846,-0.021978021978
19.5,0.153846153846,-0.026862026862
19.6,0.15873015873,-0.017094017094
19.7,0.153846153846,-0.021978021978
19.8,0.15873015873,-0.021978021978
19.9,0.148962148962,-0.026862026862
20,0.148962148962,-0.021978021978
20.1,0.153846153846,-0.026862026862
20.2,0.153846153846,-0.026862026862
20.3,0.153846153846,-0.021978021978
20.4,0.163614163614,-0.021978021978
20.5,0.20757020757,-0.021978021978
20.6,0.217338217338,-0.021978021978
20.7,0.217338217338,-0.026862026862
20.8,0.222222222222,-0.026862026862
20.9,0.227106227106,-0.021978021978
21,0.222222222222,-0.021978021978
21.1,0.222222222222,-0.026862026862
21.2,0.222222222222,-0.021978021978
21.3,0.222222222222,-0.021978021978
21.4,0.222222222222,-0.026862026862
21.5,0.227106227106,-0.017094017094
21.6,0.227106227106,-0.017094017094
21.7,0.222222222222,-0.026862026862
21.8,0.222222222222,-0.021978021978
21.9,0.222222222222,-0.021978021978
22,0.227106227106,-0.021978021978
22.1,0.222222222222,-0.021978021978
22.2,0.227106227106,-0.021978021978
22.3,0.227106227106,-0.026862026862
22.4,0.227106227106,-0.026862026862
22.5,0.266178266178,-0.026862026862
22.6,0.266178266178,-0.026862026862
22.7,0.271062271062,-0.026862026862
22.8,0.275946275946,-0.017094017094
22.9,0.266178266178,-0.026862026862
23,0.271062271062,-0.026862026862
23.1,0.275946275946,-0.021978021978
23.2,0.271062271062,-0.017094017094
23.3,0.266178266178,-0.017094017094
23.4,0.275946275946,-0.021978021978
23.5,0.271062271062,-0.021978021978
23.6,0.271062271062,-0.021978021978
23.7,0.271062271062,-0.026862026862
23.8,0.271062271062,-0.026862026862
23.9,0.271062271062,-0.017094017094
24,0.271062271062,-0.026862026862
24.1,0.266178266178,-0.021978021978
24.2,0.266178266178,-0.021978021978
24.3,0.271062271062,-0.026862026862
24.4,0.271062271062,-0.026862026862
24.5,0.266178266178,-0.021978021978
24.6,0.271062271062,-0.026862026862
24.7,0.266178266178,-0.026862026862
24.8,0.271062271062,-0.021978021978
24.9,0.266178266178,-0.021978021978
25,0.271062271062,-0.026862026862
25.1,0.266178266178,-0.017094017094
25.2,0.271062271062,-0.021978021978
25.3,0.271062271062,-0.021978021978
25.4,0.271062271062,-0.021978021978
25.5,0.275946275946,-0.017094017094
25.6,0.266178266178,-0.021978021978
25.7,0.271062271062,-0.021978021978
25.8,0.275946275946,-0.017094017094
25.9,0.266178266178,-0.026862026862
26,0.271062271062,-0.026862026862
26.1,0.271062271062,-0.021978021978
26.2,0.266178266178,-0.031746031746
26.3,0.275946275946,-0.021978021978
26.4,0.271062271062,-0.021978021978
26.5,0.285714285714,-0.026862026862
26.6,0.324786324786,-0.017094017094
26.7,0.324786324786,-0.026862026862
26.8,0.324786324786,-0.021978021978
26.9,0.319902319902,-0.026862026862
27,0.324786324786,-0.021978021978
27.1,0.324786324786,-0.021978021978
27.2,0.324786324786,-0.026862026862
27.3,0.324786324786,-0.021978021978
27.4,0.319902319902,-0.026862026862
27.5,0.324786324786,-0.021978021978
27.6,0.319902319902,-0.021978021978
27.7,0.324786324786,-0.026862026862
27.8,0.319902319902,-0.021978021978
27.9,0.324786324786,-0.021978021978
28,0.319902319902,-0.026862026862
28.1,0.319902319902,-0.021978021978
28.2,0.324786324786,-0.021978021978
28.3,0.324786324786,-0.026862026862
28.4,0.324786324786,-0.017094017094
28.5,0.324786324786,-0.026862026862
28.6,0.32967032967,-0.021978021978
28.7,0.319902319902,-0.026862026862
28.8,0.324786324786,-0.021978021978
28.9,0.319902319902,-0.026862026862
29,0.319902319902,-0.026862026862
29.1,0.324786324786,-0.021978021978
29.2,0.319902319902,-0.026862026862
29.3,0.32967032967,-0.017094017094
29.4,0.324786324786,-0.021978021978
29.5,0.324786324786,-0.021978021978
29.6,0.324786324786,-0.021978021978
29.7,0.324786324786,-0.021978021978
29.8,0.324786324786,-0.026862026862
29.9,0.334554334554,-0.021978021978
30,0.324786324786,-0.026862026862
30.1,0.319902319902,-0.031746031746
30.2,0.32967032967,-0.021978021978
30.3,0.32967032967,-0.017094017094
30.4,0.334554334554,-0.021978021978
30.5,0.358974358974,-0.021978021978
30.6,0.368742368742,-0.021978021978
30.7,0.363858363858,-0.021978021978
30.8,0.368742368742,-0.026862026862
30.9,0.373626373626,-0.026862026862
31,0.368742368742,-0.021978021978
31.1,0.363858363858,-0.026862026862
31.2,0.368742368742,-0.026862026862
31.3,0.368742368742,-0.026862026862
31.4,0.373626373626,-0.017094017094
31.5,0.363858363858,-0.026862026862
31.6,0.363858363858,-0.021978021978
31.7,0.368742368742,-0.021978021978
31.8,0.363858363858,-0.021978021978
31.9,0.368742368742,-0.026862026862
32,0.373626373626,-0.026862026862
32.1,0.363858363858,-0.026862026862
32.2,0.368742368742,-0.026862026862
32.3,0.373626373626,-0.017094017094
32.4,0.368742368742,-0.021978021978
32.5,0.363858363858,-0.021978021978
32.6,0.368742368742,-0.021978021978
32.7,0.368742368742,-0.026862026862
32.8,0.368742368742,-0.021978021978
32.9,0.368742368742,-0.021978021978
33,0.368742368742,-0.026862026862
33.1,0.373626373626,-0.026862026862
33.2,0.368742368742,-0.026862026862
33.3,0.373626373626,-0.021978021978
33.4,0.368742368742,-0.026862026862
33.5,0.368742368742,-0.026862026862
33.6,0.373626373626,-0.021978021978
33.7,0.373626373626,-0.021978021978
33.8,0.37851037851,-0.026862026862
33.9,0.388278388278,-0.021978021978
34,0.40293040293,-0.021978021978
34.1,0.422466422466,-0.026862026862
34.2,0.432234432234,-0.021978021978
34.3,0.42735042735,-0.021978021978
34.4,0.42735042735,-0.026862026862
34.5,0.442002442002,-0.021978021978
34.6,0.42735042735,-0.021978021978
34.7,0.42735042735,-0.026862026862
34.8,0.432234432234,-0.017094017094
34.9,0.42735042735,-0.026862026862
35,0.432234432234,-0.017094017094
35.1,0.432234432234,-0.017094017094
35.2,0.422466422466,-0.021978021978
35.3,0.432234432234,-0.026862026862
35.4,0.432234432234,-0.021978021978
35.5,0.432234432234,-0.021978021978
35.6,0.432234432234,-0.021978021978
35.7,0.437118437118,-0.021978021978
35.8,0.432234432234,-0.026862026862
35.9,0.42735042735,-0.021978021978
36,0.432234432234,-0.026862026862
36.1,0.432234432234,-0.021978021978
36.2,0.432234432234,-0.026862026862
36.3,0.432234432234,-0.021978021978
36.4,0.42735042735,-0.026862026862
36.5,0.432234432234,-0.017094017094
36.6,0.432234432234,-0.026862026862
36.7,0.42735042735,-0.026862026862
36.8,0.437118437118,-0.026862026862
36.9,0.432234432234,-0.021978021978
37,0.42735042735,-0.026862026862
37.1,0.432234432234,-0.021978021978
37.2,0.432234432234,-0.021978021978
37.3,0.432234432234,-0.026862026862
37.4,0.432234432234,-0.017094017094
37.5,0.437118437118,-0.021978021978
37.6,0.42735042735,-0.026862026862
37.7,0.432234432234,-0.017094017094
37.8,0.432234432234,-0.021978021978
37.9,0.42735042735,-0.026862026862
38,0.42735042735,-0.021978021978
38.1,0.432234432234,-0.017094017094
38.2,0.42735042735,-0.026862026862
38.3,0.432234432234,-0.021978021978
38.4,0.432234432234,-0.021978021978
38.5,0.42735042735,-0.026862026862
38.6,0.432234432234,-0.021978021978
38.7,0.437118437118,-0.017094017094
38.8,0.432234432234,-0.031746031746
38.9,0.432234432234,-0.021978021978
39,0.432234432234,-0.021978021978
39.1,0.42735042735,-0.026862026862
39.2,0.42735042735,-0.021978021978
39.3,0.432234432234,-0.021978021978
39.4,0.42735042735,-0.026862026862
39.5,0.42735042735,-0.021978021978
39.6,0.432234432234,-0.017094017094
39.7,0.42735042735,-0.026862026862
39.8,0.432234432234,-0.026862026862
39.9,0.437118437118,-0.026862026862
40,0.437118437118,-0.026862026862
40.1,0.437118437118,-0.021978021978
40.2,0.442002442002,-0.026862026862
40.3,0.442002442002,-0.021978021978
40.4,0.446886446886,-0.021978021978
40.5,0.442002442002,-0.021978021978
40.6,0.446886446886,-0.026862026862
40.7,0.442002442002,-0.017094017094
40.8,0.442002442002,-0.026862026862
40.9,0.442002442002,-0.026862026862
41,0.45177045177,-0.017094017094
41.1,0.442002442002,-0.021978021978
41.2,0.442002442002,-0.026862026862
41.3,0.446886446886,-0.026862026862
41.4,0.446886446886,-0.021978021978
41.5,0.442002442002,-0.026862026862
41.6,0.442002442002,-0.021978021978
41.7,0.446886446886,-0.021978021978
41.8,0.446886446886,-0.017094017094
41.9,0.442002442002,-0.021978021978
42,0.446886446886,-0.026862026862
42.1,0.442002442002,-0.026862026862
42.2,0.442002442002,-0.021978021978
42.3,0.446886446886,-0.021978021978
42.4,0.442002442002,-0.021978021978
42.5,0.442002442002,-0.026862026862
42.6,0.446886446886,-0.021978021978
42.7,0.446886446886,-0.017094017094
42.8,0.437118437118,-0.021978021978
42.9,0.446886446886,-0.021978021978
43,0.442002442002,-0.026862026862
43.1,0.446886446886,-0.026862026862
43.2,0.442002442002,-0.021978021978
43.3,0.442002442002,-0.026862026862
43.4,0.45177045177,-0.021978021978
43.5,0.446886446886,-0.021978021978
43.6,0.442002442002,-0.026862026862
43.7,0.446886446886,-0.021978021978
43.8,0.442002442002,-0.026862026862
43.9,0.446886446886,-0.026862026862
44,0.442002442002,-0.026862026862
44.1,0.446886446886,-0.021978021978
44.2,0.442002442002,-0.026862026862
44.3,0.442002442002,-0.021978021978
44.4,0.442002442002,-0.021978021978
44.5,0.456654456654,-0.026862026862
44.6,0.466422466422,-0.021978021978
44.7,0.461538461538,-0.026862026862
44.8,0.466422466422,-0.026862026862
44.9,0.466422466422,-0.021978021978
45,0.515262515263,-0.026862026862
45.1,0.525030525031,-0.031746031746
45.2,0.529914529915,-0.017094017094
45.3,0.525030525031,-0.026862026862
45.4,0.525030525031,-0.026862026862
45.5,0.529914529915,-0.021978021978
45.6,0.529914529915,-0.026862026862
45.7,0.525030525031,-0.026862026862
45.8,0.525030525031,-0.021978021978
45.9,0.529914529915,-0.026862026862
46,0.529914529915,-0.026862026862
46.1,0.529914529915,-0.021978021978
46.2,0.529914529915,-0.021978021978
46.3,0.525030525031,-0.026862026862
46.4,0.534798534799,-0.021978021978
46.5,0.534798534799,-0.021978021978
46.6,0.525030525031,-0.021978021978
46.7,0.529914529915,-0.021978021978
46.8,0.539682539683,-0.021978021978
46.9,0.525030525031,-0.026862026862
47,0.534798534799,-0.021978021978
47.1,0.534798534799,-0.021978021978
47.2,0.529914529915,-0.021978021978
47.3,0.529914529915,-0.021978021978
47.4,0.529914529915,-0.026862026862
47.5,0.534798534799,-0.026862026862
47.6,0.529914529915,-0.017094017094
47.7,0.529914529915,-0.026862026862
47.8,0.525030525031,-0.026862026862
47.9,0.534798534799,-0.017094017094
48,0.529914529915,-0.021978021978
48.1,0.525030525031,-0.031746031746
48.2,0.529914529915,-0.021978021978
48.3,0.534798534799,-0.021978021978
48.4,0.529914529915,-0.026862026862
48.5,0.525030525031,-0.026862026862
48.6,0.529914529915,-0.026862026862
48.7,0.529914529915,-0.026862026862
48.8,0.529914529915,-0.026862026862
48.9,0.525030525031,-0.021978021978
49,0.534798534799,-0.021978021978
49.1,0.529914529915,-0.021978021978
49.2,0.529914529915,-0.021978021978
49.3,0.529914529915,-0.026862026862
49.4,0.525030525031,-0.021978021978
49.5,0.534798534799,-0.021978021978
49.6,0.529914529915,-0.017094017094
49.7,0.529914529915,-0.026862026862
49.8,0.529914529915,-0.026862026862
49.9,0.529914529915,-0.021978021978
50,0.529914529915,-0.026862026862
50.1,0.534798534799,-0.021978021978
50.2,0.554334554335,-0.026862026862
50.3,0.568986568987,-0.021978021978
50.4,0.568986568987,-0.021978021978
50.5,0.564102564103,-0.026862026862
50.6,0.568986568987,-0.017094017094
50.7,0.564102564103,-0.021978021978
50.8,0.583638583639,-0.021978021978
50.9,0.593406593407,-0.021978021978
51,0.608058608059,-0.021978021978
51.1,0.598290598291,-0.026862026862
51.2,0.603174603175,-0.026862026862
51.3,0.608058608059,-0.021978021978
51.4,0.598290598291,-0.026862026862
51.5,0.603174603175,-0.026862026862
51.6,0.603174603175,-0.021978021978
51.7,0.598290598291,-0.021978021978
51.8,0.603174603175,-0.021978021978
51.9,0.603174603175,-0.026862026862
52,0.608058608059,-0.021978021978
52.1,0.603174603175,-0.017094017094
52.2,0.603174603175,-0.026862026862
52.3,0.603174603175,-0.021978021978
52.4,0.603174603175,-0.021978021978
52.5,0.608058608059,-0.021978021978
52.6,0.598290598291,-0.026862026862
52.7,0.608058608059,-0.017094017094
52.8,0.603174603175,-0.021978021978
52.9,0.598290598291,-0.026862026862
53,0.608058608059,-0.021978021978
53.1,0.603174603175,-0.021978021978
53.2,0.603174603175,-0.026862026862
53.3,0.603174603175,-0.026862026862
53.4,0.608058608059,-0.017094017094
53.5,0.608058608059,-0.026862026862
53.6,0.603174603175,-0.021978021978
53.7,0.603174603175,-0.021978021978
53.8,0.603174603175,-0.021978021978
53.9,0.603174603175,-0.021978021978
54,0.603174603175,-0.021978021978
54.1,0.603174603175,-0.021978021978
54.2,0.627594627595,-0.026862026862
54.3,0.627594627595,-0.021978021978
54.4,0.627594627595,-0.026862026862
54.5,0.637362637363,-0.026862026862
54.6,0.647130647131,-0.021978021978
54.7,0.647130647131,-0.026862026862
54.8,0.647130647131,-0.026862026862
54.9,0.647130647131,-0.017094017094
55,0.637362637363,-0.026862026862
55.1,0.647130647131,-0.021978021978
55.2,0.642246642247,-0.017094017094
55.3,0.647130647131,-0.026862026862
55.4,0.647130647131,-0.021978021978
55.5,0.642246642247,-0.021978021978
55.6,0.637362637363,-0.026862026862
55.7,0.642246642247,-0.021978021978
55.8,0.647130647131,-0.021978021978
55.9,0.642246642247,-0.026862026862
56,0.642246642247,-0.021978021978
56.1,0.642246642247,-0.021978021978
56.2,0.642246642247,-0.026862026862
56.3,0.642246642247,-0.021978021978
56.4,0.647130647131,-0.021978021978
56.5,0.642246642247,-0.026862026862
56.6,0.642246642247,-0.021978021978
56.7,0.642246642247,-0.021978021978
56.8,0.642246642247,-0.026862026862
56.9,0.647130647131,-0.017094017094
57,0.642246642247,-0.021978021978
57.1,0.647130647131,-0.026862026862
57.2,0.637362637363,-0.026862026862
57.3,0.642246642247,-0.021978021978
57.4,0.642246642247,-0.026862026862
57.5,0.647130647131,-0.021978021978
57.6,0.642246642247,-0.026862026862
57.7,0.642246642247,-0.026862026862
57.8,0.647130647131,-0.021978021978
57.9,0.642246642247,-0.017094017094
58,0.637362637363,-0.026862026862
58.1,0.652014652015,-0.017094017094
58.2,0.642246642247,-0.026862026862
58.3,0.647130647131,-0.026862026862
58.4,0.637362637363,-0.021978021978
58.5,0.647130647131,-0.021978021978
58.6,0.637362637363,-0.026862026862
58.7,0.647130647131,-0.021978021978
58.8,0.637362637363,-0.021978021978
58.9,0.642246642247,-0.026862026862
59,0.647130647131,-0.021978021978
59.1,0.647130647131,-0.026862026862
59.2,0.637362637363,-0.026862026862
59.3,0.642246642247,-0.026862026862
59.4,0.642246642247,-0.021978021978
59.5,0.642246642247,-0.026862026862
59.6,0.647130647131,-0.021978021978
59.7,0.647130647131,-0.017094017094
59.8,0.647130647131,-0.031746031746
59.9,0.647130647131,-0.017094017094
60,0.637362637363,-0.021978021978
60.1,0.642246642247,-0.026862026862
60.2,0.647130647131,-0.017094017094
60.3,0.642246642247,-0.021978021978
60.4,0.647130647131,-0.026862026862
60.5,0.647130647131,-0.017094017094
60.6,0.647130647131,-0.026862026862
60.7,0.647130647131,-0.026862026862
60.8,0.647130647131,-0.026862026862
60.9,0.647130647131,-0.021978021978
61,0.642246642247,-0.026862026862
61.1,0.656898656899,-0.017094017094
61.2,0.656898656899,-0.021978021978
61.3,0.666666666667,-0.021978021978
61.4,0.725274725275,-0.021978021978
61.5,0.725274725275,-0.021978021978
61.6,0.725274725275,-0.026862026862
61.7,0.725274725275,-0.017094017094
61.8,0.725274725275,-0.026862026862
61.9,0.725274725275,-0.026862026862
62,0.730158730159,-0.017094017094
62.1,0.720390720391,-0.021978021978
62.2,0.725274725275,-0.021978021978
62.3,0.730158730159,-0.021978021978
62.4,0.730158730159,-0.026862026862
62.5,0.725274725275,-0.017094017094
62.6,0.725274725275,-0.021978021978
62.7,0.725274725275,-0.017094017094
62.8,0.725274725275,-0.026862026862
62.9,0.725274725275,-0.021978021978
63,0.725274725275,-0.026862026862
63.1,0.725274725275,-0.026862026862
63.2,0.730158730159,-0.021978021978
63.3,0.730158730159,-0.021978021978
63.4,0.725274725275,-0.031746031746
63.5,0.725274725275,-0.026862026862
63.6,0.725274725275,-0.026862026862
63.7,0.720390720391,-0.021978021978
63.8,0.730158730159,-0.021978021978
63.9,0.725274725275,-0.021978021978
64,0.725274725275,-0.026862026862
64.1,0.725274725275,-0.021978021978
64.2,0.730158730159,-0.021978021978
64.3,0.720390720391,-0.026862026862
64.4,0.725274725275,-0.021978021978
64.5,0.735042735043,-0.021978021978
64.6,0.725274725275,-0.026862026862
64.7,0.725274725275,-0.026862026862
64.8,0.725274725275,-0.026862026862
64.9,0.725274725275,-0.031746031746
65,0.730158730159,-0.021978021978
65.1,0.725274725275,-0.021978021978
65.2,0.725274725275,-0.021978021978
65.3,0.730158730159,-0.026862026862
65.4,0.730158730159,-0.017094017094
65.5,0.725274725275,-0.021978021978
65.6,0.730158730159,-0.021978021978
65.7,0.730158730159,-0.021978021978
65.8,0.730158730159,-0.021978021978
65.9,0.730158730159,-0.021978021978
66,0.725274725275,-0.026862026862
66.1,0.730158730159,-0.026862026862
66.2,0.725274725275,-0.021978021978
66.3,0.735042735043,-0.021978021978
66.4,0.749694749695,-0.026862026862
66.5,0.778998778999,-0.026862026862
66.6,0.798534798535,-0.021978021978
66.7,0.808302808303,-0.026862026862
66.8,0.803418803419,-0.021978021978
66.9,0.808302808303,-0.021978021978
67,0.803418803419,-0.017094017094
67.1,0.808302808303,-0.017094017094
67.2,0.808302808303,-0.021978021978
67.3,0.803418803419,-0.026862026862
67.4,0.813186813187,-0.021978021978
67.5,0.803418803419,-0.021978021978
67.6,0.808302808303,-0.021978021978
67.7,0.808302808303,-0.026862026862
67.8,0.808302808303,-0.017094017094
67.9,0.808302808303,-0.021978021978
68,0.803418803419,-0.021978021978
68.1,0.808302808303,-0.026862026862
68.2,0.803418803419,-0.026862026862
68.3,0.808302808303,-0.021978021978
68.4,0.808302808303,-0.021978021978
68.5,0.808302808303,-0.026862026862
68.6,0.813186813187,-0.021978021978
68.7,0.803418803419,-0.021978021978
68.8,0.808302808303,-0.021978021978
68.9,0.803418803419,-0.021978021978
69,0.808302808303,-0.021978021978
69.1,0.803418803419,-0.026862026862
69.2,0.813186813187,-0.021978021978
69.3,0.808302808303,-0.021978021978
69.4,0.803418803419,-0.017094017094
69.5,0.808302808303,-0.021978021978
69.6,0.808302808303,-0.021978021978
69.7,0.813186813187,-0.026862026862
69.8,0.813186813187,-0.026862026862
69.9,0.837606837607,-0.017094017094
70,0.866910866911,-0.026862026862
70.1,0.866910866911,-0.021978021978
70.2,0.876678876679,-0.021978021978
70.3,0.871794871795,-0.026862026862
70.4,0.871794871795,-0.021978021978
70.5,0.871794871795,-0.026862026862
70.6,0.871794871795,-0.021978021978
70.7,0.876678876679,-0.021978021978
70.8,0.871794871795,-0.021978021978
70.9,0.871794871795,-0.026862026862
71,0.871794871795,-0.021978021978
71.1,0.876678876679,-0.021978021978
71.2,0.871794871795,-0.026862026862
71.3,0.881562881563,-0.017094017094
71.4,0.881562881563,-0.021978021978
71.5,0.886446886447,-0.021978021978
71.6,0.891330891331,-0.026862026862
71.7,0.896214896215,-0.026862026862
71.8,0.910866910867,-0.021978021978
71.9,0.940170940171,-0.026862026862
72,0.935286935287,-0.017094017094
72.1,0.935286935287,-0.021978021978
72.2,0.940170940171,-0.017094017094
72.3,0.935286935287,-0.021978021978
72.4,0.935286935287,-0.021978021978
72.5,0.940170940171,-0.021978021978
72.6,0.935286935287,-0.026862026862
72.7,0.940170940171,-0.021978021978
72.8,0.940170940171,-0.026862026862
72.9,0.935286935287,-0.026862026862
73,0.940170940171,-0.021978021978
73.1,0.935286935287,-0.021978021978
73.2,0.940170940171,-0.021978021978
73.3,0.940170940171,-0.021978021978
73.4,0.930402930403,-0.026862026862
73.5,0.940170940171,-0.026862026862
73.6,0.935286935287,-0.021978021978
73.7,0.935286935287,-0.026862026862
73.8,0.940170940171,-0.021978021978
73.9,0.935286935287,-0.026862026862
74,0.935286935287,-0.026862026862
74.1,0.935286935287,-0.021978021978
74.2,0.930402930403,-0.021978021978
74.3,0.940170940171,-0.026862026862
74.4,0.940170940171,-0.026862026862
74.5,0.930402930403,-0.021978021978
74.6,0.935286935287,-0.021978021978
74.7,0.935286935287,-0.021978021978
74.8,0.935286935287,-0.026862026862
74.9,0.935286935287,-0.021978021978
75,0.940170940171,-0.026862026862
75.1,0.935286935287,-0.031746031746
75.2,0.940170940171,-0.017094017094
75.3,0.940170940171,-0.026862026862
75.4,0.940170940171,-0.026862026862
75.5,0.949938949939,-0.021978021978
75.6,0.945054945055,-0.021978021978
75.7,0.945054945055,-0.026862026862
75.8,0.969474969475,-0.021978021978
75.9,1.01343101343,-0.026862026862
76,1.00854700855,-0.021978021978
76.1,1.01831501832,-0.021978021978
76.2,1.01343101343,-0.021978021978
76.3,1.01343101343,-0.026862026862
76.4,1.01831501832,-0.026862026862
76.5,1.01343101343,-0.017094017094
76.6,1.01831501832,-0.021978021978
76.7,1.01343101343,-0.021978021978
76.8,1.01831501832,-0.021978021978
76.9,1.00854700855,-0.026862026862
77,1.01831501832,-0.021978021978
77.1,1.01343101343,-0.026862026862
77.2,1.01343101343,-0.021978021978
77.3,1.01343101343,-0.026862026862
77.4,1.01343101343,-0.026862026862
77.5,1.01343101343,-0.021978021978
77.6,1.01343101343,-0.021978021978
77.7,1.01343101343,-0.017094017094
77.8,1.00854700855,-0.031746031746
77.9,1.01831501832,-0.017094017094
78,1.01831501832,-0.017094017094
78.1,1.00854700855,-0.026862026862
78.2,1.01343101343,-0.021978021978
78.3,1.01831501832,-0.021978021978
78.4,1.00854700855,-0.021978021978
78.5,1.01343101343,-0.026862026862
78.6,1.01343101343,-0.017094017094
78.7,1.01831501832,-0.026862026862
78.8,1.01831501832,-0.026862026862
78.9,1.05738705739,-0.021978021978
79,1.08180708181,-0.026862026862
79.1,1.08180708181,-0.021978021978
79.2,1.08180708181,-0.021978021978
79.3,1.08180708181,-0.026862026862
79.4,1.08180708181,-0.021978021978
79.5,1.08669108669,-0.021978021978
79.6,1.08180708181,-0.026862026862
79.7,1.08180708181,-0.021978021978
79.8,1.08669108669,-0.01221001221
79.9,1.08180708181,-0.026862026862
80,1.08180708181,-0.021978021978
80.1,1.08669108669,-0.021978021978
80.2,1.07692307692,-0.026862026862
80.3,1.08669108669,-0.021978021978
80.4,1.07692307692,-0.026862026862
80.5,1.08669108669,-0.021978021978
80.6,1.07692307692,-0.026862026862
80.7,1.08669108669,-0.026862026862
80.8,1.08669108669,-0.021978021978
80.9,1.08180708181,-0.021978021978
81,1.115995116,-0.026862026862
81.1,1.1452991453,-0.026862026862
81.2,1.15506715507,-0.026862026862
81.3,1.15995115995,-0.021978021978
81.4,1.15506715507,-0.021978021978
81.5,1.15995115995,-0.021978021978
81.6,1.15506715507,-0.021978021978
81.7,1.15506715507,-0.026862026862
81.8,1.15506715507,-0.021978021978
81.9,1.15506715507,-0.021978021978
82,1.15506715507,-0.026862026862
82.1,1.15995115995,-0.026862026862
82.2,1.15995115995,-0.021978021978
82.3,1.15506715507,-0.021978021978
82.4,1.15995115995,-0.017094017094
82.5,1.1746031746,-0.026862026862
82.6,1.21367521368,-0.021978021978
82.7,1.21855921856,-0.026862026862
82.8,1.23321123321,-0.021978021978
82.9,1.22344322344,-0.026862026862
83,1.23321123321,-0.021978021978
83.1,1.23321123321,-0.026862026862
83.2,1.22344322344,-0.026862026862
83.3,1.22832722833,-0.021978021978
83.4,1.22832722833,-0.026862026862
83.5,1.22832722833,-0.021978021978
83.6,1.22832722833,-0.021978021978
83.7,1.23321123321,-0.021978021978
83.8,1.22832722833,-0.021978021978
83.9,1.23321123321,-0.021978021978
84,1.24297924298,-0.021978021978
84.1,1.25763125763,-0.026862026862
84.2,1.2673992674,-0.017094017094
84.3,1.27228327228,-0.021978021978
84.4,1.28693528694,-0.026862026862
84.5,1.29181929182,-0.021978021978
84.6,1.29181929182,-0.021978021978
84.7,1.28693528694,-0.026862026862
84.8,1.29181929182,-0.021978021978
84.9,1.28693528694,-0.021978021978
85,1.28693528694,-0.021978021978
85.1,1.28693528694,-0.021978021978
85.2,1.29181929182,-0.021978021978
85.3,1.29181929182,-0.021978021978
85.4,1.29181929182,-0.021978021978
85.5,1.29181929182,-0.017094017094
85.6,1.28693528694,-0.026862026862
85.7,1.29181929182,-0.021978021978
85.8,1.29181929182,-0.026862026862
85.9,1.28693528694,-0.026862026862
86,1.28693528694,-0.021978021978
86.1,1.29181929182,-0.021978021978
86.2,1.28693528694,-0.026862026862
86.3,1.28693528694,-0.021978021978
86.4,1.30158730159,-0.021978021978
86.5,1.2967032967,-0.021978021978
86.6,1.31135531136,-0.021978021978
86.7,1.30647130647,-0.026862026862
86.8,1.30158730159,-0.026862026862
86.9,1.31135531136,-0.026862026862
87,1.32112332112,-0.026862026862
87.1,1.34554334554,-0.026862026862
87.2,1.35042735043,-0.017094017094
87.3,1.34554334554,-0.026862026862
87.4,1.34065934066,-0.026862026862
87.5,1.35042735043,-0.021978021978
87.6,1.34554334554,-0.017094017094
87.7,1.34065934066,-0.031746031746
87.8,1.34554334554,-0.026862026862
87.9,1.34554334554,-0.021978021978
88,1.34065934066,-0.026862026862
88.1,1.34554334554,-0.021978021978
88.2,1.34554334554,-0.021978021978
88.3,1.34065934066,-0.026862026862
88.4,1.35531135531,-0.021978021978
88.5,1.3601953602,-0.026862026862
88.6,1.37484737485,-0.026862026862
88.7,1.38461538462,-0.021978021978
88.8,1.40415140415,-0.021978021978
88.9,1.40415140415,-0.026862026862
89,1.39926739927,-0.017094017094
89.1,1.40415140415,-0.017094017094
89.2,1.39926739927,-0.026862026862
89.3,1.40415140415,-0.017094017094
89.4,1.39926739927,-0.026862026862
89.5,1.39926739927,-0.021978021978
89.6,1.40415140415,-0.026862026862
89.7,1.39926739927,-0.017094017094
89.8,1.39926739927,-0.026862026862
89.9,1.40415140415,-0.021978021978
90,1.39926739927,-0.026862026862
90.1,1.40415140415,-0.026862026862
90.2,1.41391941392,-0.021978021978
90.3,1.4188034188,-0.026862026862
90.4,1.43833943834,-0.021978021978
90.5,1.44322344322,-0.017094017094
90.6,1.44810744811,-0.017094017094
90.7,1.44322344322,-0.026862026862
90.8,1.44810744811,-0.01221001221
90.9,1.44322344322,-0.017094017094
91,1.44810744811,-0.021978021978
91.1,1.44322344322,-0.021978021978
91.2,1.44810744811,-0.017094017094
91.3,1.44810744811,-0.017094017094
91.4,1.44810744811,-0.017094017094
91.5,1.45299145299,-0.017094017094
91.6,1.44810744811,-0.017094017094
91.7,1.44810744811,-0.021978021978
91.8,1.45787545788,-0.01221001221
91.9,1.47741147741,-0.017094017094
92,1.4822954823,-0.01221001221
92.1,1.48717948718,-0.017094017094
92.2,1.4822954823,-0.017094017094
92.3,1.48717948718,-0.017094017094
92.4,1.49206349206,-0.01221001221
92.5,1.48717948718,-0.01221001221
92.6,1.48717948718,-0.01221001221
92.7,1.49206349206,-0.01221001221
92.8,1.4822954823,-0.021978021978
92.9,1.49206349206,-0.01221001221
93,1.49206349206,-0.01221001221
93.1,1.48717948718,-0.021978021978
93.2,1.49206349206,-0.01221001221
93.3,1.50671550672,-0.01221001221
93.4,1.52136752137,-0.00732600732601
93.5,1.52625152625,-0.01221001221
93.6,1.52625152625,-0.00732600732601
93.7,1.52625152625,-0.01221001221
93.8,1.52136752137,-0.01221001221
93.9,1.52136752137,-0.01221001221
94,1.52136752137,-0.01221001221
94.1,1.52625152625,-0.01221001221
94.2,1.52625152625,-0.01221001221
94.3,1.52625152625,-0.017094017094
94.4,1.52625152625,-0.00732600732601
94.5,1.52136752137,-0.017094017094
94.6,1.52625152625,-0.01221001221
94.7,1.52625152625,-0.01221001221
94.8,1.52625152625,-0.017094017094
94.9,1.52136752137,-0.017094017094
95,1.52625152625,-0.017094017094
95.1,1.52625152625,-0.01221001221
95.2,1.52625152625,-0.01221001221
95.3,1.53113553114,-0.00732600732601
95.4,1.52625152625,-0.01221001221
95.5,1.5409035409,-0.01221001221
95.6,1.55555555556,-0.00732600732601
95.7,1.56043956044,-0.017094017094
95.8,1.56043956044,-0.01221001221
95.9,1.55555555556,-0.00732600732601
96,1.56043956044,-0.017094017094
96.1,1.55555555556,-0.00732600732601
96.2,1.56043956044,-0.01221001221
96.3,1.56043956044,-0.01221001221
96.4,1.55555555556,-0.017094017094
96.5,1.56043956044,-0.01221001221
96.6,1.56532356532,-0.01221001221
96.7,1.55555555556,-0.01221001221
96.8,1.56043956044,-0.00732600732601
96.9,1.57509157509,-0.00732600732601
97,1.57997557998,-0.01221001221
97.1,1.57997557998,-0.00732600732601
97.2,1.58485958486,-0.00732600732601
97.3,1.60927960928,-0.017094017094
97.4,1.61904761905,-0.00732600732601
97.5,1.61904761905,-0.00732600732601
97.6,1.61416361416,-0.01221001221
97.7,1.61416361416,-0.00732600732601
97.8,1.61416361416,-0.00732600732601
97.9,1.61416361416,-0.002442002442
98,1.61904761905,-0.00732600732601
98.1,1.62393162393,-0.00732600732601
98.2,1.61416361416,-0.017094017094
98.3,1.62393162393,-0.00732600732601
98.4,1.61904761905,-0.00732600732601
98.5,1.61416361416,-0.01221001221
98.6,1.61904761905,-0.00732600732601
98.7,1.62393162393,-0.00732600732601
98.8,1.65323565324,-0.00732600732601
98.9,1.67277167277,-0.002442002442
99,1.66788766789,-0.00732600732601
99.1,1.67277167277,-0.00732600732601
99.2,1.67277167277,-0.002442002442
99.3,1.67277167277,-0.00732600732601
99.4,1.67277167277,-0.00732600732601
99.5,1.67277167277,-0.00732600732601
99.6,1.67277167277,-0.00732600732601
99.7,1.67277167277,-0.00732600732601
99.8,1.67277167277,-0.00732600732601
99.9,1.66788766789,-0.00732600732601
100,1.67277167277,-0.00732600732601
100.1,1.67277167277,-0.00732600732601
100.2,1.66788766789,-0.002442002442
100.3,1.66788766789,-0.00732600732601
100.4,1.67277167277,-0.00732600732601
100.5,1.67277167277,-0.00732600732601
100.6,1.66788766789,-0.002442002442
100.7,1.67277167277,-0.01221001221
100.8,1.67765567766,-0.002442002442
100.9,1.67277167277,-0.01221001221
101,1.68253968254,-0.002442002442
101.1,1.67765567766,-0.00732600732601
101.2,1.69719169719,-0.002442002442
101.3,1.73626373626,-0.002442002442
101.4,1.73137973138,-0.002442002442
101.5,1.73137973138,-0.00732600732601
101.6,1.7264957265,-0.00732600732601
101.7,1.7264957265,-0.00732600732601
101.8,1.73137973138,-0.00732600732601
101.9,1.73137973138,-0.002442002442
102,1.73626373626,-0.002442002442
102.1,1.7264957265,-0.01221001221
102.2,1.73137973138,-0.002442002442
102.3,1.73137973138,-0.01221001221
102.4,1.73137973138,-0.002442002442
102.5,1.73137973138,-0.002442002442
102.6,1.73137973138,-0.002442002442
102.7,1.73137973138,-0.00732600732601
102.8,1.7264957265,-0.00732600732601
102.9,1.73137973138,-0.002442002442
103,1.73137973138,-0.00732600732601
103.1,1.7264957265,-0.00732600732601
103.2,1.73626373626,-0.002442002442
103.3,1.73137973138,-0.00732600732601
103.4,1.73137973138,-0.00732600732601
103.5,1.73137973138,-0.002442002442
103.6,1.73626373626,-0.002442002442
103.7,1.73137973138,-0.002442002442
103.8,1.73137973138,-0.00732600732601
103.9,1.73137973138,-0.00732600732601
104,1.73626373626,-0.002442002442
104.1,1.73626373626,-0.002442002442
104.2,1.7264957265,-0.00732600732601
104.3,1.73626373626,-0.002442002442
104.4,1.73137973138,-0.002442002442
104.5,1.73137973138,-0.00732600732601
104.6,1.76068376068,-0.002442002442
104.7,1.80463980464,-0.002442002442
104.8,1.79975579976,-0.002442002442
104.9,1.80952380952,-0.002442002442
105,1.79975579976,-0.002442002442
105.1,1.80463980464,-0.002442002442
105.2,1.80952380952,-0.002442002442
105.3,1.79975579976,-0.002442002442
105.4,1.80952380952,-0.002442002442
105.5,1.80463980464,-0.002442002442
105.6,1.80463980464,0.002442002442
105.7,1.80952380952,-0.00732600732601
105.8,1.79975579976,-0.002442002442
105.9,1.80952380952,-0.002442002442
106,1.80463980464,-0.00732600732601
106.1,1.80463980464,-0.002442002442
106.2,1.80463980464,0.002442002442
106.3,1.79975579976,-0.002442002442
106.4,1.80952380952,-0.002442002442
106.5,1.80463980464,-0.00732600732601
106.6,1.80463980464,-0.002442002442
106.7,1.80463980464,-0.002442002442
106.8,1.85347985348,-0.002442002442
106.9,1.86324786325,-0.002442002442
107,1.88278388278,0.002442002442
107.1,1.88766788767,-0.002442002442
107.2,1.88278388278,0.002442002442
107.3,1.88278388278,-0.002442002442
107.4,1.8778998779,-0.002442002442
107.5,1.8778998779,-0.002442002442
107.6,1.8778998779,-0.00732600732601
107.7,1.88278388278,0.002442002442
107.8,1.8778998779,-0.002442002442
107.9,1.88278388278,-0.002442002442
108,1.87301587302,-0.00732600732601
108.1,1.88278388278,-0.002442002442
108.2,1.88278388278,-0.00732600732601
108.3,1.8778998779,-0.002442002442
108.4,1.88278388278,-0.002442002442
108.5,1.88766788767,-0.002442002442
108.6,1.93650793651,-0.002442002442
108.7,1.96092796093,-0.002442002442
108.8,1.96581196581,0.00732600732601
108.9,1.96092796093,-0.002442002442
109,1.96092796093,0.002442002442
109.1,1.96092796093,-0.002442002442
109.2,1.96581196581,0.002442002442
109.3,1.96092796093,-0.002442002442
109.4,1.96581196581,0.002442002442
109.5,1.96581196581,0.002442002442
109.6,1.95604395604,0.002442002442
109.7,1.96581196581,0.002442002442
109.8,1.96581196581,0.002442002442
109.9,1.96581196581,0.002442002442
110,1.96092796093,-0.002442002442
110.1,1.96581196581,0.002442002442
110.2,1.96092796093,-0.002442002442
110.3,1.96092796093,0.002442002442
110.4,1.96581196581,0.00732600732601
110.5,1.95604395604,-0.002442002442
110.6,1.96581196581,0.002442002442
110.7,1.96581196581,-0.002442002442
110.8,1.98046398046,-0.002442002442
110.9,2.00976800977,-0.002442002442
111,2.01465201465,0.00732600732601
111.1,2.01465201465,0.002442002442
111.2,2.00976800977,0.002442002442
111.3,2.01465201465,0.00732600732601
111.4,2.00976800977,-0.00732600732601
111.5,2.01465201465,0.002442002442
111.6,2.01465201465,0.002442002442
111.7,2.00976800977,-0.002442002442
111.8,2.01465201465,0.00732600732601
111.9,2.01465201465,0.002442002442
112,2.00976800977,-0.002442002442
112.1,2.00976800977,-0.002442002442
112.2,2.01465201465,-0.002442002442
112.3,2.00976800977,0.002442002442
112.4,2.01465201465,0.002442002442
112.5,2.01953601954,0.002442002442
112.6,2.00976800977,-0.002442002442
112.7,2.01465201465,-0.002442002442
112.8,2.01465201465,-0.002442002442
112.9,2.01465201465,-0.002442002442
113,2.01465201465,-0.002442002442
113.1,2.01465201465,0.002442002442
113.2,2.00488400488,-0.002442002442
113.3,2.01465201465,0.002442002442
113.4,2.00976800977,-0.002442002442
113.5,2.00976800977,-0.002442002442
113.6,2.01465201465,-0.002442002442
113.7,2.04395604396,0.00732600732601
113.8,2.04884004884,-0.002442002442
113.9,2.05372405372,0.00732600732601
114,2.05860805861,0.002442002442
114.1,2.05860805861,0.002442002442
114.2,2.07326007326,0.002442002442
114.3,2.08302808303,0.00732600732601
114.4,2.08791208791,-0.002442002442
114.5,2.08791208791,-0.002442002442
114.6,2.0927960928,0.00732600732601
114.7,2.08302808303,0.002442002442
114.8,2.08791208791,-0.002442002442
114.9,2.08791208791,0.00732600732601
115,2.08791208791,0.002442002442
115.1,2.08302808303,-0.002442002442
115.2,2.0927960928,0.002442002442
115.3,2.08791208791,0.002442002442
115.4,2.08302808303,0.002442002442
115.5,2.0927960928,0.002442002442
115.6,2.08302808303,-0.002442002442
115.7,2.08302808303,0.00732600732601
115.8,2.08791208791,0.002442002442
115.9,2.08791208791,-0.002442002442
116,2.0927960928,0.002442002442
116.1,2.08791208791,-0.002442002442
116.2,2.08302808303,0.002442002442
116.3,2.08791208791,0.002442002442
116.4,2.08791208791,-0.002442002442
116.5,2.08791208791,0.00732600732601
116.6,2.0927960928,0.002442002442
116.7,2.08791208791,-0.002442002442
116.8,2.09768009768,0.00732600732601
116.9,2.1221001221,0.002442002442
117,2.1221001221,-0.002442002442
117.1,2.1221001221,-0.002442002442
117.2,2.13675213675,0.002442002442
117.3,2.14163614164,0.002442002442
117.4,2.13675213675,0.002442002442
117.5,2.13675213675,0.002442002442
117.6,2.1514041514,-0.002442002442
117.7,2.16117216117,0.002442002442
117.8,2.15628815629,-0.002442002442
117.9,2.16117216117,0.002442002442
118,2.16117216117,0.002442002442
118.1,2.16117216117,0.002442002442
118.2,2.15628815629,-0.002442002442
118.3,2.16117216117,0.002442002442
118.4,2.15628815629,0.002442002442
118.5,2.16117216117,0.002442002442
118.6,2.15628815629,-0.002442002442
118.7,2.16117216117,-0.002442002442
118.8,2.16117216117,0.002442002442
118.9,2.15628815629,-0.00732600732601
119,2.16117216117,0.002442002442
119.1,2.15628815629,-0.002442002442
119.2,2.15628815629,-0.002442002442
119.3,2.15628815629,-0.002442002442
119.4,2.15628815629,0.002442002442
119.5,2.16117216117,-0.002442002442
119.6,2.16117216117,0.002442002442
119.7,2.15628815629,-0.002442002442
119.8,2.15628815629,-0.00732600732601
119.9,2.16117216117,0.00732600732601
120,2.16117216117,0.002442002442
120.1,2.15628815629,-0.002442002442
120.2,2.18070818071,-0.002442002442
120.3,2.19536019536,-0.00732600732601
120.4,2.20024420024,-0.002442002442
120.5,2.19536019536,-0.002442002442
120.6,2.20024420024,0.002442002442
120.7,2.19536019536,-0.00732600732601
120.8,2.20024420024,0.002442002442
120.9,2.20024420024,0.002442002442
121,2.19047619048,-0.002442002442
121.1,2.20024420024,0.002442002442
121.2,2.20024420024,-0.00732600732601
121.3,2.20024420024,-0.002442002442
121.4,2.20512820513,0.002442002442
121.5,2.2148962149,-0.002442002442
121.6,2.2148962149,-0.002442002442
121.7,2.2148962149,-0.002442002442
121.8,2.22954822955,0.002442002442
121.9,2.28815628816,-0.002442002442
122,2.29792429792,-0.002442002442
122.1,2.30769230769,-0.00732600732601
122.2,2.30280830281,-0.002442002442
122.3,2.30769230769,-0.002442002442
122.4,2.30769230769,-0.002442002442
122.5,2.30280830281,-0.002442002442
122.6,2.30769230769,-0.00732600732601
122.7,2.30769230769,-0.002442002442
122.8,2.30280830281,-0.00732600732601
122.9,2.30769230769,-0.002442002442
123,2.30280830281,-0.002442002442
123.1,2.30769230769,-0.00732600732601
123.2,2.30769230769,-0.002442002442
123.3,2.30280830281,-0.002442002442
123.4,2.29792429792,-0.002442002442
123.5,2.30769230769,-0.002442002442
123.6,2.30280830281,-0.002442002442
123.7,2.30769230769,-0.002442002442
123.8,2.30769230769,-0.002442002442
123.9,2.30769230769,-0.002442002442
124,2.31257631258,-0.002442002442
124.1,2.30769230769,-0.002442002442
124.2,2.30769230769,-0.002442002442
124.3,2.30280830281,-0.00732600732601
124.4,2.31257631258,-0.00732600732601
124.5,2.30769230769,0.002442002442
124.6,2.30280830281,-0.00732600732601
124.7,2.31257631258,0.002442002442
124.8,2.30769230769,-0.002442002442
124.9,2.30769230769,-0.002442002442
125,2.31257631258,-0.002442002442
125.1,2.31746031746,-0.00732600732601
125.2,2.32234432234,-0.002442002442
125.3,2.35164835165,-0.002442002442
125.4,2.35164835165,-0.002442002442
125.5,2.35164835165,-0.002442002442
125.6,2.35164835165,-0.00732600732601
125.7,2.35653235653,-0.002442002442
125.8,2.35653235653,-0.00732600732601
125.9,2.35653235653,-0.00732600732601
126,2.35164835165,-0.002442002442
126.1,2.35653235653,-0.00732600732601
126.2,2.35653235653,0.002442002442
126.3,2.35653235653,-0.00732600732601
126.4,2.35164835165,-0.00732600732601
126.5,2.35653235653,-0.002442002442
126.6,2.35653235653,-0.00732600732601
126.7,2.35164835165,-0.002442002442
126.8,2.36141636142,-0.002442002442
126.9,2.35653235653,-0.00732600732601
127,2.35164835165,-0.002442002442
127.1,2.35653235653,-0.002442002442
127.2,2.35653235653,-0.002442002442
127.3,2.35164835165,-0.00732600732601
127.4,2.35653235653,-0.00732600732601
127.5,2.35653235653,-0.002442002442
127.6,2.35164835165,-0.00732600732601
127.7,2.3663003663,-0.002442002442
127.8,2.39072039072,-0.002442002442
127.9,2.3956043956,-0.00732600732601
128,2.3956043956,-0.00732600732601
128.1,2.41025641026,-0.00732600732601
128.2,2.42490842491,-0.00732600732601
128.3,2.43956043956,-0.002442002442
128.4,2.43956043956,-0.002442002442
128.5,2.43956043956,-0.00732600732601
128.6,2.44444444444,-0.00732600732601
128.7,2.44444444444,-0.002442002442
128.8,2.43956043956,-0.00732600732601
128.9,2.44444444444,-0.002442002442
129,2.44444444444,-0.002442002442
129.1,2.44444444444,-0.00732600732601
129.2,2.44444444444,-0.01221001221
129.3,2.44444444444,-0.00732600732601
129.4,2.44444444444,-0.00732600732601
129.5,2.44444444444,-0.00732600732601
129.6,2.44932844933,-0.00732600732601
129.7,2.43956043956,-0.01221001221
129.8,2.44932844933,-0.00732600732601
129.9,2.44444444444,-0.00732600732601
130,2.44444444444,-0.00732600732601
130.1,2.44932844933,-0.002442002442
130.2,2.44932844933,-0.00732600732601
130.3,2.44444444444,-0.00732600732601
130.4,2.43956043956,-0.00732600732601
130.5,2.44932844933,-0.00732600732601
130.6,2.44444444444,-0.00732600732601
130.7,2.44444444444,-0.00732600732601
130.8,2.47863247863,-0.00732600732601
130.9,2.51282051282,-0.01221001221
131,2.52258852259,-0.00732600732601
131.1,2.52258852259,-0.00732600732601
131.2,2.5177045177,-0.01221001221
131.3,2.52258852259,-0.00732600732601
131.4,2.5177045177,-0.00732600732601
131.5,2.5177045177,-0.017094017094
131.6,2.5177045177,-0.00732600732601
131.7,2.52258852259,-0.00732600732601
131.8,2.5177045177,-0.01221001221
131.9,2.52747252747,-0.00732600732601
132,2.52258852259,-0.01221001221
132.1,2.52258852259,-0.01221001221
132.2,2.52258852259,-0.01221001221
132.3,2.52258852259,-0.00732600732601
132.4,2.5177045177,-0.01221001221
132.5,2.5177045177,-0.01221001221
132.6,2.52747252747,-0.00732600732601
132.7,2.5177045177,-0.01221001221
132.8,2.52258852259,-0.00732600732601
132.9,2.52258852259,-0.01221001221
133,2.52258852259,-0.01221001221
133.1,2.52258852259,-0.00732600732601
133.2,2.52258852259,-0.017094017094
133.3,2.56166056166,-0.01221001221
133.4,2.56166056166,-0.017094017094
133.5,2.56654456654,-0.00732600732601
133.6,2.56654456654,-0.01221001221
133.7,2.56166056166,-0.01221001221
133.8,2.56654456654,-0.00732600732601
133.9,2.56166056166,-0.01221001221
134,2.56166056166,-0.01221001221
134.1,2.56654456654,-0.00732600732601
134.2,2.56166056166,-0.021978021978
134.3,2.56166056166,-0.00732600732601
134.4,2.57142857143,-0.00732600732601
134.5,2.56166056166,-0.01221001221
134.6,2.56654456654,-0.00732600732601
134.7,2.56654456654,-0.01221001221
134.8,2.56166056166,-0.01221001221
134.9,2.56654456654,-0.00732600732601
135,2.62026862027,-0.017094017094
135.1,2.62515262515,-0.00732600732601
135.2,2.63003663004,-0.01221001221
135.3,2.62515262515,-0.01221001221
135.4,2.63003663004,-0.017094017094
135.5,2.63003663004,-0.017094017094
135.6,2.63003663004,-0.00732600732601
135.7,2.63003663004,-0.017094017094
135.8,2.63003663004,-0.017094017094
135.9,2.63003663004,-0.01221001221
136,2.63003663004,-0.01221001221
136.1,2.63492063492,-0.017094017094
136.2,2.63492063492,-0.01221001221
136.3,2.63003663004,-0.01221001221
136.4,2.63492063492,-0.01221001221
136.5,2.63492063492,-0.01221001221
136.6,2.63003663004,-0.017094017094
136.7,2.62515262515,-0.017094017094
136.8,2.63003663004,-0.01221001221
136.9,2.63003663004,-0.01221001221
137,2.6398046398,-0.01221001221
137.1,2.6398046398,-0.01221001221
137.2,2.67399267399,-0.021978021978
137.3,2.68376068376,-0.017094017094
137.4,2.68864468864,-0.01221001221
137.5,2.68376068376,-0.017094017094
137.6,2.68864468864,-0.01221001221
137.7,2.68864468864,-0.01221001221
137.8,2.68864468864,-0.017094017094
137.9,2.68376068376,-0.01221001221
138,2.68864468864,-0.01221001221
138.1,2.68864468864,-0.017094017094
138.2,2.68864468864,-0.017094017094
138.3,2.68864468864,-0.017094017094
138.4,2.68376068376,-0.021978021978
138.5,2.68376068376,-0.01221001221
138.6,2.68864468864,-0.017094017094
138.7,2.68376068376,-0.017094017094
138.8,2.68376068376,-0.01221001221
138.9,2.68376068376,-0.01221001221
139,2.68376068376,-0.017094017094
139.1,2.71794871795,-0.017094017094
139.2,2.77167277167,-0.017094017094
139.3,2.76678876679,-0.017094017094
139.4,2.77167277167,-0.01221001221
139.5,2.76678876679,-0.017094017094
139.6,2.77167277167,-0.021978021978
139.7,2.77167277167,-0.021978021978
139.8,2.77167277167,-0.01221001221
139.9,2.77167277167,-0.017094017094
140,2.77167277167,-0.017094017094
140.1,2.77167277167,-0.017094017094
140.2,2.76678876679,-0.017094017094
140.3,2.77167277167,-0.017094017094
140.4,2.77167277167,-0.017094017094
140.5,2.76678876679,-0.021978021978
140.6,2.76678876679,-0.017094017094
140.7,2.77167277167,-0.017094017094
140.8,2.76678876679,-0.021978021978
140.9,2.76678876679,-0.017094017094
141,2.77655677656,-0.01221001221
141.1,2.76678876679,-0.021978021978
141.2,2.77167277167,-0.01221001221
141.3,2.77167277167,-0.017094017094
141.4,2.76678876679,-0.021978021978
141.5,2.77167277167,-0.01221001221
141.6,2.77167277167,-0.017094017094
141.7,2.77167277167,-0.026862026862
141.8,2.78632478632,-0.017094017094
141.9,2.80586080586,-0.017094017094
142,2.80097680098,-0.017094017094
142.1,2.80097680098,-0.017094017094
142.2,2.80586080586,-0.017094017094
142.3,2.80097680098,-0.021978021978
142.4,2.80586080586,-0.01221001221
142.5,2.80586080586,-0.017094017094
142.6,2.81074481074,-0.017094017094
142.7,2.80097680098,-0.017094017094
142.8,2.80097680098,-0.017094017094
142.9,2.80097680098,-0.021978021978
143,2.81074481074,-0.017094017094
143.1,2.80586080586,-0.017094017094
143.2,2.80586080586,-0.017094017094
143.3,2.80586080586,-0.017094017094
143.4,2.81074481074,-0.017094017094
143.5,2.80097680098,-0.017094017094
143.6,2.80586080586,-0.017094017094
143.7,2.80586080586,-0.021978021978
143.8,2.80097680098,-0.021978021978
143.9,2.80586080586,-0.017094017094
144,2.81562881563,-0.017094017094
144.1,2.80097680098,-0.021978021978
144.2,2.81074481074,-0.01221001221
144.3,2.80586080586,-0.017094017094
144.4,2.80097680098,-0.017094017094
144.5,2.81074481074,-0.01221001221
144.6,2.81074481074,-0.017094017094
144.7,2.80586080586,-0.017094017094
144.8,2.83516483516,-0.017094017094
144.9,2.84004884005,-0.021978021978
145,2.83516483516,-0.017094017094
145.1,2.84004884005,-0.017094017094
145.2,2.84493284493,-0.017094017094
145.3,2.83516483516,-0.017094017094
145.4,2.84004884005,-0.017094017094
145.5,2.84493284493,-0.017094017094
145.6,2.84004884005,-0.026862026862
145.7,2.84004884005,-0.017094017094
145.8,2.84004884005,-0.017094017094
145.9,2.83516483516,-0.021978021978
146,2.84493284493,-0.017094017094
146.1,2.84493284493,-0.017094017094
146.2,2.83516483516,-0.017094017094
146.3,2.84004884005,-0.017094017094
146.4,2.84004884005,-0.017094017094
146.5,2.83516483516,-0.026862026862
146.6,2.84004884005,-0.017094017094
146.7,2.87423687424,-0.017094017094
146.8,2.884004884,-0.021978021978
146.9,2.89377289377,-0.017094017094
147,2.89377289377,-0.017094017094
147.1,2.88888888889,-0.017094017094
147.2,2.89865689866,-0.017094017094
147.3,2.89377289377,-0.017094017094
147.4,2.89377289377,-0.021978021978
147.5,2.89377289377,-0.021978021978
147.6,2.89865689866,-0.017094017094
147.7,2.89377289377,-0.026862026862
147.8,2.89865689866,-0.017094017094
147.9,2.89377289377,-0.026862026862
148,2.89865689866,-0.017094017094
148.1,2.90354090354,-0.021978021978
148.2,2.89377289377,-0.017094017094
148.3,2.89865689866,-0.021978021978
148.4,2.89377289377,-0.017094017094
148.5,2.89865689866,-0.017094017094
148.6,2.89377289377,-0.026862026862
148.7,2.89377289377,-0.021978021978
148.8,2.89865689866,-0.021978021978
148.9,2.88888888889,-0.021978021978
149,2.89865689866,-0.017094017094
149.1,2.89377289377,-0.017094017094
149.2,2.89377289377,-0.021978021978
149.3,2.88888888889,-0.017094017094
149.4,2.89865689866,-0.017094017094
149.5,2.90354090354,-0.026862026862
149.6,2.92307692308,-0.017094017094
149.7,2.92307692308,-0.026862026862
149.8,2.92796092796,-0.021978021978
149.9,2.92796092796,-0.021978021978
150,2.92796092796,-0.017094017094
150.1,2.92307692308,-0.021978021978
150.2,2.92796092796,-0.017094017094
150.3,2.92796092796,-0.017094017094
150.4,2.92307692308,-0.021978021978
150.5,2.92796092796,-0.021978021978
150.6,2.92796092796,-0.021978021978
150.7,2.93284493284,-0.021978021978
150.8,2.92796092796,-0.021978021978
150.9,2.93284493284,-0.01221001221
151,2.92307692308,-0.017094017094
151.1,2.92796092796,-0.021978021978
151.2,2.92307692308,-0.021978021978
151.3,2.93284493284,-0.021978021978
151.4,2.92796092796,-0.021978021978
151.5,2.92796092796,-0.021978021978
151.6,2.92307692308,-0.021978021978
151.7,2.92796092796,-0.021978021978
151.8,2.92796092796,-0.017094017094
151.9,2.92796092796,-0.021978021978
152,2.92796092796,-0.026862026862
152.1,2.92796092796,-0.017094017094
152.2,2.92796092796,-0.026862026862
152.3,2.93284493284,-0.017094017094
152.4,2.9474969475,-0.017094017094
152.5,2.97191697192,-0.017094017094
152.6,2.96703296703,-0.021978021978
152.7,2.96703296703,-0.017094017094
152.8,2.96703296703,-0.021978021978
152.9,2.96703296703,-0.021978021978
153,2.96703296703,-0.017094017094
153.1,2.96703296703,-0.021978021978
153.2,2.97191697192,-0.017094017094
153.3,2.96703296703,-0.021978021978
153.4,2.97191697192,-0.021978021978
153.5,2.97191697192,-0.021978021978
153.6,2.97191697192,-0.017094017094
153.7,2.96214896215,-0.026862026862
153.8,2.96703296703,-0.021978021978
153.9,2.97191697192,-0.021978021978
154,2.96703296703,-0.026862026862
154.1,2.97191697192,-0.021978021978
154.2,2.97191697192,-0.021978021978
154.3,2.96703296703,-0.021978021978
154.4,2.96703296703,-0.021978021978
154.5,2.97191697192,-0.021978021978
154.6,2.96703296703,-0.021978021978
154.7,2.96703296703,-0.021978021978
154.8,2.97191697192,-0.017094017094
154.9,2.97191697192,-0.021978021978
155,2.97191697192,-0.021978021978
155.1,2.97191697192,-0.017094017094
155.2,2.98168498168,-0.021978021978
155.3,2.9768009768,-0.021978021978
155.4,2.98168498168,-0.017094017094
155.5,2.9768009768,-0.021978021978
155.6,2.98656898657,-0.021978021978
155.7,2.99145299145,-0.021978021978
155.8,3.01098901099,-0.026862026862
155.9,3.01098901099,-0.021978021978
156,3.02075702076,-0.021978021978
156.1,3.01098901099,-0.021978021978
156.2,3.02564102564,-0.017094017094
156.3,3.02075702076,-0.021978021978
156.4,3.02075702076,-0.017094017094
156.5,3.02075702076,-0.017094017094
156.6,3.02564102564,-0.017094017094
156.7,3.01587301587,-0.026862026862
156.8,3.02075702076,-0.017094017094
156.9,3.02075702076,-0.017094017094
157,3.01587301587,-0.031746031746
157.1,3.02564102564,-0.017094017094
157.2,3.02075702076,-0.017094017094
157.3,3.01587301587,-0.021978021978
157.4,3.02075702076,-0.017094017094
157.5,3.02075702076,-0.021978021978
157.6,3.01587301587,-0.026862026862
157.7,3.02075702076,-0.01221001221
157.8,3.03052503053,-0.021978021978
157.9,3.01587301587,-0.026862026862
158,3.02075702076,-0.017094017094
158.1,3.02564102564,-0.021978021978
158.2,3.01587301587,-0.017094017094
158.3,3.02564102564,-0.021978021978
158.4,3.02564102564,-0.026862026862
158.5,3.02075702076,-0.017094017094
158.6,3.02564102564,-0.017094017094
158.7,3.02075702076,-0.017094017094
158.8,3.02075702076,-0.021978021978
158.9,3.02075702076,-0.026862026862
159,3.02564102564,-0.017094017094
159.1,3.02075702076,-0.021978021978
159.2,3.02564102564,-0.021978021978
159.3,3.02564102564,-0.021978021978
159.4,3.01587301587,-0.021978021978
159.5,3.02075702076,-0.021978021978
159.6,3.02564102564,-0.017094017094
159.7,3.02075702076,-0.026862026862
159.8,3.02075702076,-0.017094017094
159.9,3.02075702076,-0.021978021978
160,3.02075702076,-0.021978021978
160.1,3.02564102564,-0.021978021978
160.2,3.02075702076,-0.021978021978
160.3,3.02075702076,-0.021978021978
160.4,3.02564102564,-0.017094017094
160.5,3.02564102564,-0.021978021978
160.6,3.02075702076,-0.021978021978
160.7,3.02564102564,-0.026862026862
160.8,3.02075702076,-0.021978021978
160.9,3.03052503053,-0.017094017094
161,3.02075702076,-0.021978021978
161.1,3.02564102564,-0.017094017094
161.2,3.01587301587,-0.021978021978
161.3,3.02075702076,-0.017094017094
161.4,3.02564102564,-0.017094017094
161.5,3.01587301587,-0.031746031746
161.6,3.02564102564,-0.021978021978
161.7,3.02564102564,-0.021978021978
161.8,3.01587301587,-0.026862026862
161.9,3.02075702076,-0.021978021978
162,3.02564102564,-0.017094017094
162.1,3.02075702076,-0.026862026862
162.2,3.02075702076,-0.021978021978
162.3,3.02564102564,-0.021978021978
162.4,3.02075702076,-0.026862026862
162.5,3.01587301587,-0.026862026862
162.6,3.02564102564,-0.021978021978
162.7,3.01587301587,-0.026862026862
162.8,3.02075702076,-0.021978021978
162.9,3.02564102564,-0.017094017094
163,3.02564102564,-0.021978021978
163.1,3.02075702076,-0.021978021978
163.2,3.01587301587,-0.021978021978
163.3,3.02075702076,-0.021978021978
163.4,3.02564102564,-0.021978021978
163.5,3.02075702076,-0.026862026862
163.6,3.02075702076,-0.017094017094
163.7,3.02075702076,-0.021978021978
163.8,3.02564102564,-0.026862026862
163.9,3.01587301587,-0.026862026862
164,3.02075702076,-0.021978021978
164.1,3.02075702076,-0.021978021978
164.2,3.01587301587,-0.026862026862
164.3,3.02564102564,-0.021978021978
164.4,3.02564102564,-0.021978021978
164.5,3.01587301587,-0.026862026862
164.6,3.03052503053,-0.017094017094
164.7,3.02564102564,-0.026862026862
164.8,3.02075702076,-0.026862026862
164.9,3.02564102564,-0.021978021978
165,3.02075702076,-0.026862026862
165.1,3.02075702076,-0.021978021978
165.2,3.02075702076,-0.026862026862
165.3,3.02564102564,-0.021978021978
165.4,3.02075702076,-0.026862026862
165.5,3.03052503053,-0.017094017094
165.6,3.02564102564,-0.021978021978
165.7,3.06471306471,-0.021978021978
165.8,3.09401709402,-0.017094017094
165.9,3.0989010989,-0.017094017094
166,3.0989010989,-0.026862026862
166.1,3.10378510379,-0.01221001221
166.2,3.0989010989,-0.017094017094
166.3,3.0989010989,-0.017094017094
166.4,3.0989010989,-0.017094017094
166.5,3.09401709402,-0.021978021978
166.6,3.09401709402,-0.021978021978
166.7,3.0989010989,-0.01221001221
166.8,3.0989010989,-0.017094017094
166.9,3.09401709402,-0.017094017094
167,3.10378510379,-0.017094017094
167.1,3.09401709402,-0.017094017094
167.2,3.0989010989,-0.021978021978
167.3,3.09401709402,-0.017094017094
167.4,3.10378510379,-0.017094017094
167.5,3.09401709402,-0.021978021978
167.6,3.0989010989,-0.017094017094
167.7,3.09401709402,-0.017094017094
167.8,3.09401709402,-0.021978021978
167.9,3.0989010989,-0.017094017094
168,3.0989010989,-0.017094017094
168.1,3.09401709402,-0.021978021978
168.2,3.0989010989,-0.017094017094
168.3,3.10378510379,-0.021978021978
168.4,3.0989010989,-0.017094017094
168.5,3.09401709402,-0.021978021978
168.6,3.09401709402,-0.01221001221
168.7,3.0989010989,-0.021978021978
168.8,3.0989010989,-0.017094017094
168.9,3.0989010989,-0.017094017094
169,3.08913308913,-0.021978021978
169.1,3.0989010989,-0.017094017094
169.2,3.0989010989,-0.017094017094
169.3,3.08913308913,-0.021978021978
169.4,3.0989010989,-0.017094017094
169.5,3.0989010989,-0.017094017094
169.6,3.0989010989,-0.026862026862
169.7,3.0989010989,-0.017094017094
169.8,3.0989010989,-0.017094017094
169.9,3.09401709402,-0.026862026862
170,3.09401709402,-0.017094017094
170.1,3.0989010989,-0.017094017094
170.2,3.09401709402,-0.021978021978
170.3,3.10378510379,-0.017094017094
170.4,3.0989010989,-0.021978021978
170.5,3.09401709402,-0.021978021978
170.6,3.0989010989,-0.017094017094
170.7,3.09401709402,-0.017094017094
170.8,3.09401709402,-0.017094017094
170.9,3.09401709402,-0.017094017094
171,3.09401709402,-0.017094017094
171.1,3.0989010989,-0.021978021978
171.2,3.10378510379,-0.021978021978
171.3,3.09401709402,-0.017094017094
171.4,3.09401709402,-0.017094017094
171.5,3.0989010989,-0.021978021978
171.6,3.09401709402,-0.017094017094
171.7,3.09401709402,-0.017094017094
171.8,3.0989010989,-0.017094017094
171.9,3.0989010989,-0.017094017094
172,3.09401709402,-0.021978021978
172.1,3.0989010989,-0.017094017094
172.2,3.0989010989,-0.017094017094
172.3,3.09401709402,-0.026862026862
172.4,3.0989010989,-0.017094017094
172.5,3.0989010989,-0.017094017094
172.6,3.08913308913,-0.021978021978
172.7,3.0989010989,-0.017094017094
172.8,3.0989010989,-0.021978021978
172.9,3.0989010989,-0.017094017094
173,3.10378510379,-0.017094017094
173.1,3.0989010989,-0.017094017094
173.2,3.09401709402,-0.017094017094
173.3,3.0989010989,-0.017094017094
173.4,3.0989010989,-0.021978021978
173.5,3.09401709402,-0.017094017094
173.6,3.0989010989,-0.017094017094
173.7,3.0989010989,-0.021978021978
173.8,3.0989010989,-0.021978021978
173.9,3.0989010989,-0.017094017094
174,3.10378510379,-0.01221001221
174.1,3.0989010989,-0.021978021978
174.2,3.0989010989,-0.017094017094
174.3,3.10378510379,-0.017094017094
174.4,3.09401709402,-0.021978021978
174.5,3.10378510379,-0.017094017094
174.6,3.09401709402,-0.021978021978
174.7,3.09401709402,-0.017094017094
174.8,3.0989010989,-0.021978021978
174.9,3.0989010989,-0.017094017094
175,3.09401709402,-0.017094017094
175.1,3.0989010989,-0.017094017094
175.2,3.0989010989,-0.017094017094
175.3,3.0989010989,-0.021978021978
175.4,3.0989010989,-0.021978021978
175.5,3.0989010989,-0.01221001221
175.6,3.09401709402,-0.021978021978
175.7,3.0989010989,-0.017094017094
175.8,3.0989010989,-0.021978021978
175.9,3.08913308913,-0.017094017094
176,3.10378510379,-0.01221001221
176.1,3.0989010989,-0.021978021978
176.2,3.0989010989,-0.017094017094
176.3,3.0989010989,-0.017094017094
176.4,3.0989010989,-0.021978021978
176.5,3.0989010989,-0.017094017094
176.6,3.0989010989,-0.017094017094
176.7,3.0989010989,-0.017094017094
176.8,3.09401709402,-0.021978021978
176.9,3.0989010989,-0.017094017094
177,3.0989010989,-0.017094017094
177.1,3.08913308913,-0.021978021978
177.2,3.0989010989,-0.01221001221
177.3,3.09401709402,-0.017094017094
177.4,3.0989010989,-0.021978021978
177.5,3.0989010989,-0.017094017094
177.6,3.0989010989,-0.021978021978
177.7,3.17704517705,-0.017094017094
177.8,3.31868131868,-0.00732600732601
177.9,3.31868131868,-0.00732600732601
178,3.31868131868,-0.00732600732601
178.1,3.31868131868,-0.01221001221
178.2,3.32356532357,-0.002442002442
178.3,3.31868131868,-0.01221001221
178.4,3.31868131868,-0.002442002442
178.5,3.41147741148,-0.002442002442
178.6,3.48962148962,-0.002442002442
178.7,3.48962148962,0.00732600732601
178.8,3.49450549451,0.00732600732601
178.9,3.48962148962,-0.002442002442
179,3.49450549451,0.00732600732601
179.1,3.50915750916,0.00732600732601
179.2,3.63125763126,0.01221001221
179.3,3.65079365079,0.01221001221
179.4,3.65079365079,0.017094017094
179.5,3.64590964591,0.00732600732601
179.6,3.65567765568,0.017094017094
179.7,3.65079365079,0.01221001221
179.8,3.64590964591,0.01221001221
179.9,3.65079365079,0.01221001221
180,3.65079365079,0.017094017094
180.1,3.65079365079,0.01221001221
180.2,3.65079365079,0.01221001221
180.3,3.65567765568,0.017094017094
180.4,3.64590964591,0.00732600732601
180.5,3.65079365079,0.017094017094
180.6,3.65567765568,0.01221001221
180.7,3.64590964591,0.01221001221
180.8,3.65079365079,0.01221001221
180.9,3.65567765568,0.017094017094
181,3.65567765568,0.01221001221
181.1,3.65567765568,0.017094017094
181.2,3.66056166056,0.01221001221
181.3,3.68986568987,0.017094017094
181.4,3.69474969475,0.017094017094
181.5,3.7094017094,0.017094017094
181.6,3.72893772894,0.01221001221
181.7,3.72893772894,0.01221001221
181.8,3.73382173382,0.021978021978
181.9,3.77289377289,0.01221001221
182,3.77777777778,0.021978021978
182.1,3.78266178266,0.017094017094
182.2,3.78266178266,0.021978021978
182.3,3.77777777778,0.017094017094
182.4,3.78266178266,0.021978021978
182.5,3.77777777778,0.017094017094
182.6,3.79242979243,0.026862026862
182.7,3.81684981685,0.021978021978
182.8,3.84126984127,0.021978021978
182.9,3.84615384615,0.021978021978
183,3.84615384615,0.021978021978
183.1,3.84126984127,0.021978021978
183.2,3.84126984127,0.021978021978
183.3,3.84615384615,0.021978021978
183.4,3.84126984127,0.021978021978
183.5,3.84615384615,0.021978021978
183.6,3.84615384615,0.021978021978
183.7,3.85103785104,0.021978021978
183.8,3.90476190476,0.017094017094
183.9,3.90476190476,0.026862026862
184,3.89987789988,0.017094017094
184.1,3.89987789988,0.021978021978
184.2,3.90476190476,0.026862026862
184.3,3.90964590965,0.021978021978
184.4,3.90964590965,0.021978021978
184.5,3.93894993895,0.021978021978
184.6,3.95848595849,0.017094017094
184.7,3.95848595849,0.021978021978
184.8,3.96336996337,0.021978021978
184.9,3.9536019536,0.021978021978
185,3.9536019536,0.021978021978
185.1,3.96336996337,0.026862026862
185.2,3.95848595849,0.021978021978
185.3,3.97313797314,0.026862026862
185.4,3.99755799756,0.026862026862
185.5,3.99755799756,0.026862026862
185.6,4.00732600733,0.031746031746
185.7,4.00732600733,0.017094017094
185.8,4.00732600733,0.031746031746
185.9,4.0463980464,0.021978021978
186,4.0463980464,0.026862026862
186.1,4.05128205128,0.021978021978
186.2,4.05128205128,0.021978021978
186.3,4.0463980464,0.026862026862
186.4,4.05128205128,0.021978021978
186.5,4.05128205128,0.026862026862
186.6,4.0463980464,0.021978021978
186.7,4.0463980464,0.026862026862
186.8,4.05128205128,0.021978021978
186.9,4.08058608059,0.021978021978
187,4.12454212454,0.021978021978
187.1,4.11965811966,0.021978021978
187.2,4.11965811966,0.026862026862
187.3,4.11477411477,0.021978021978
187.4,4.11477411477,0.031746031746
187.5,4.11965811966,0.021978021978
187.6,4.11477411477,0.021978021978
187.7,4.12454212454,0.026862026862
187.8,4.11477411477,0.026862026862
187.9,4.11965811966,0.026862026862
188,4.18315018315,0.021978021978
188.1,4.21245421245,0.021978021978
188.2,4.21245421245,0.026862026862
188.3,4.22222222222,0.021978021978
188.4,4.21733821734,0.021978021978
188.5,4.21733821734,0.021978021978
188.6,4.21733821734,0.021978021978
188.7,4.21245421245,0.021978021978
188.8,4.25152625153,0.021978021978
188.9,4.33455433455,0.021978021978
189,4.32967032967,0.01221001221
189.1,4.33455433455,0.017094017094
189.2,4.33455433455,0.021978021978
189.3,4.33455433455,0.017094017094
189.4,4.33455433455,0.017094017094
189.5,4.33455433455,0.021978021978
189.6,4.33943833944,0.017094017094
189.7,4.39804639805,0.01221001221
189.8,4.45665445665,0.01221001221
189.9,4.45177045177,0.01221001221
190,4.45665445665,0.01221001221
190.1,4.45665445665,0.00732600732601
190.2,4.45665445665,0.01221001221
190.3,4.45665445665,0.01221001221
190.4,4.45177045177,0.01221001221
190.5,4.45177045177,0.01221001221
190.6,4.46642246642,0.01221001221
190.7,4.57387057387,0.00732600732601
190.8,4.57387057387,0.00732600732601
190.9,4.56898656899,0.00732600732601
191,4.57387057387,0.00732600732601
191.1,4.57875457875,0.01221001221
191.2,4.56898656899,0.00732600732601
191.3,4.57387057387,0.002442002442
191.4,4.57387057387,0.01221001221
191.5,4.57387057387,0.00732600732601
191.6,4.57875457875,0.01221001221
191.7,4.57387057387,0.00732600732601
191.8,4.57875457875,0.002442002442
191.9,4.58852258852,0.00732600732601
192,4.59340659341,0.00732600732601
192.1,4.66178266178,-0.002442002442
192.2,4.70085470085,-0.002442002442
192.3,4.70085470085,0.002442002442
192.4,4.69597069597,-0.002442002442
192.5,4.70085470085,0.002442002442
192.6,4.70085470085,0.002442002442
192.7,4.69597069597,-0.002442002442
192.8,4.70573870574,0.002442002442
192.9,4.70085470085,0.002442002442
193,4.69597069597,0.002442002442
193.1,4.70573870574,0.00732600732601
193.2,4.70085470085,-0.002442002442
193.3,4.69597069597,-0.002442002442
193.4,4.70085470085,-0.00732600732601
193.5,4.73504273504,0.002442002442
193.6,4.75946275946,-0.002442002442
193.7,4.75457875458,-0.00732600732601
193.8,4.778998779,0.002442002442
193.9,4.82783882784,-0.00732600732601
194,4.83272283272,0.002442002442
194.1,4.82783882784,-0.002442002442
194.2,4.86202686203,-0.002442002442
194.3,4.88156288156,-0.002442002442
194.4,4.87667887668,-0.002442002442
194.5,4.87667887668,-0.00732600732601
194.6,4.88156288156,0.002442002442
194.7,4.88644688645,-0.002442002442
194.8,4.87667887668,-0.00732600732601
194.9,4.87667887668,-0.002442002442
195,4.89621489621,-0.002442002442
195.1,4.89133089133,-0.00732600732601
195.2,4.9010989011,-0.002442002442
195.3,4.92063492063,-0.00732600732601
195.4,4.9304029304,-0.002442002442
195.5,4.92551892552,-0.002442002442
195.6,4.9304029304,-0.00732600732601
195.7,4.9304029304,-0.002442002442
195.8,4.93528693529,-0.002442002442
195.9,4.94993894994,-0.002442002442
196,4.97924297924,-0.00732600732601
196.1,4.98901098901,-0.002442002442
196.2,4.98901098901,-0.002442002442
196.3,4.97924297924,-0.002442002442
196.4,4.98412698413,-0.002442002442
196.5,4.97924297924,-0.002442002442
196.6,4.98412698413,-0.002442002442
196.7,4.98901098901,-0.00732600732601
196.8,4.98901098901,-0.002442002442
196.9,5.00366300366,-0.002442002442
197,5.00366300366,-0.00732600732601
197.1,5.0231990232,0.002442002442
197.2,5.02808302808,-0.00732600732601
197.3,5.03785103785,0.002442002442
197.4,5.03785103785,-0.002442002442
197.5,5.02808302808,-0.002442002442
197.6,5.03785103785,0.002442002442
197.7,5.03296703297,0.002442002442
197.8,5.03296703297,-0.00732600732601
197.9,5.03296703297,-0.002442002442
198,5.04273504274,0.002442002442
198.1,5.03785103785,-0.00732600732601
198.2,5.03785103785,-0.00732600732601
198.3,5.04273504274,0.002442002442
198.4,5.04273504274,-0.002442002442
198.5,5.04761904762,-0.002442002442
198.6,5.05738705739,0.002442002442
198.7,5.06227106227,-0.002442002442
198.8,5.07203907204,0.002442002442
198.9,5.08180708181,-0.002442002442
199,5.07203907204,-0.002442002442
199.1,5.08180708181,0.002442002442
199.2,5.07692307692,-0.002442002442
199.3,5.07692307692,-0.002442002442
199.4,5.08180708181,0.00732600732601
199.5,5.08180708181,0.002442002442
199.6,5.07692307692,-0.002442002442
199.7,5.08180708181,-0.00732600732601
199.8,5.08180708181,0.00732600732601
199.9,5.08180708181,-0.002442002442
200,5.08180708181,-0.002442002442
200.1,5.08669108669,0.002442002442
200.2,5.08180708181,-0.002442002442
200.3,5.08669108669,0.002442002442
200.4,5.08669108669,0.002442002442
200.5,5.08669108669,-0.00732600732601
200.6,5.09645909646,0.002442002442
200.7,5.10134310134,0.002442002442
200.8,5.11111111111,-0.00732600732601
200.9,5.12087912088,0.002442002442
201,5.115995116,-0.002442002442
201.1,5.12087912088,-0.002442002442
201.2,5.12576312576,0.002442002442
201.3,5.13064713065,-0.00732600732601
201.4,5.13064713065,-0.002442002442
201.5,5.13553113553,0.00732600732601
201.6,5.14041514042,-0.002442002442
201.7,5.14041514042,0.002442002442
201.8,5.1452991453,-0.002442002442
201.9,5.14041514042,-0.00732600732601
202,5.1452991453,-0.002442002442
202.1,5.14041514042,0.002442002442
202.2,5.1452991453,-0.002442002442
202.3,5.14041514042,-0.002442002442
202.4,5.15018315018,-0.002442002442
202.5,5.14041514042,0.002442002442
202.6,5.14041514042,-0.00732600732601
202.7,5.1452991453,-0.00732600732601
202.8,5.1452991453,0.002442002442
202.9,5.14041514042,0.002442002442
203,5.14041514042,-0.00732600732601
203.1,5.1452991453,0.002442002442
203.2,5.15018315018,-0.002442002442
203.3,5.15506715507,0.002442002442
203.4,5.15506715507,0.002442002442
203.5,5.15018315018,-0.002442002442
203.6,5.15995115995,0.002442002442
203.7,5.15995115995,0.002442002442
203.8,5.15506715507,0.002442002442
203.9,5.15995115995,-0.002442002442
204,5.15995115995,0.002442002442
204.1,5.15995115995,0.002442002442
204.2,5.16971916972,0.002442002442
204.3,5.16483516484,0.002442002442
204.4,5.16971916972,0.002442002442
204.5,5.1746031746,0.00732600732601
204.6,5.17948717949,-0.002442002442
204.7,5.18437118437,0.002442002442
204.8,5.19413919414,0.002442002442
204.9,5.20390720391,0.00732600732601
205,5.20879120879,0.002442002442
205.1,5.20879120879,0.002442002442
205.2,5.21855921856,0.002442002442
205.3,5.22832722833,0.002442002442
205.4,5.22832722833,0.002442002442
205.5,5.22344322344,0.002442002442
205.6,5.23321123321,0.002442002442
205.7,5.2380952381,0.00732600732601
205.8,5.22832722833,0.002442002442
205.9,5.22832722833,0.00732600732601
206,5.24297924298,0.00732600732601
206.1,5.24786324786,0.00732600732601
206.2,5.24297924298,0.002442002442
206.3,5.25274725275,0.00732600732601
206.4,5.25763125763,0.002442002442
206.5,5.26251526252,0.002442002442
206.6,5.26251526252,0.002442002442
206.7,5.2673992674,0.00732600732601
206.8,5.27228327228,0.002442002442
206.9,5.27228327228,0.002442002442
207,5.2673992674,0.002442002442
207.1,5.27716727717,0.00732600732601
207.2,5.28205128205,0.01221001221
207.3,5.28693528694,0.002442002442
207.4,5.28205128205,0.002442002442
207.5,5.2967032967,0.00732600732601
207.6,5.30647130647,0.00732600732601
207.7,5.30158730159,-0.002442002442
207.8,5.30158730159,0.00732600732601
207.9,5.30647130647,0.002442002442
208,5.31135531136,0.00732600732601
208.1,5.31623931624,0.00732600732601
208.2,5.31623931624,0.002442002442
208.3,5.31623931624,0.00732600732601
208.4,5.32112332112,0.01221001221
208.5,5.32600732601,0.00732600732601
208.6,5.32112332112,0.01221001221
208.7,5.32600732601,-0.002442002442
208.8,5.32600732601,0.00732600732601
208.9,5.33089133089,0.00732600732601
209,5.35042735043,0.00732600732601
209.1,5.36996336996,0.00732600732601
209.2,5.36996336996,0.002442002442
209.3,5.37973137973,0.01221001221
209.4,5.3894993895,0.01221001221
209.5,5.39438339438,0.01221001221
209.6,5.39926739927,0.00732600732601
209.7,5.40415140415,0.00732600732601
209.8,5.40415140415,0.00732600732601
209.9,5.41391941392,0.01221001221
210,5.41391941392,0.01221001221
210.1,5.4188034188,0.017094017094
210.2,5.42368742369,0.01221001221
210.3,5.42368742369,0.01221001221
210.4,5.4188034188,0.00732600732601
210.5,5.42368742369,0.01221001221
210.6,5.42368742369,0.017094017094
210.7,5.42857142857,0.01221001221
210.8,5.42857142857,0.01221001221
210.9,5.42857142857,0.01221001221
211,5.42368742369,0.01221001221
211.1,5.42857142857,0.01221001221
211.2,5.42368742369,0.01221001221
211.3,5.43345543346,0.01221001221
211.4,5.43833943834,0.017094017094
211.5,5.44322344322,0.01221001221
211.6,5.44810744811,0.01221001221
211.7,5.45787545788,0.01221001221
211.8,5.49206349206,0.01221001221
211.9,5.48717948718,0.01221001221
212,5.49694749695,0.017094017094
212.1,5.49206349206,0.017094017094
212.2,5.49206349206,0.017094017094
212.3,5.49694749695,0.017094017094
212.4,5.49206349206,0.017094017094
212.5,5.49206349206,0.01221001221
212.6,5.49694749695,0.017094017094
212.7,5.49206349206,0.017094017094
212.8,5.49206349206,0.017094017094
212.9,5.49694749695,0.017094017094
213,5.52136752137,0.017094017094
213.1,5.52136752137,0.017094017094
213.2,5.53601953602,0.017094017094
213.3,5.55555555556,0.017094017094
213.4,5.54578754579,0.017094017094
213.5,5.54578754579,0.017094017094
213.6,5.55067155067,0.017094017094
213.7,5.55067155067,0.01221001221
213.8,5.55067155067,0.017094017094
213.9,5.55555555556,0.017094017094
214,5.55067155067,0.017094017094
214.1,5.55067155067,0.017094017094
214.2,5.55555555556,0.017094017094
214.3,5.55067155067,0.017094017094
214.4,5.55067155067,0.017094017094
214.5,5.55555555556,0.017094017094
214.6,5.56043956044,0.01221001221
214.7,5.68742368742,0.026862026862
214.8,5.68253968254,0.026862026862
214.9,5.68742368742,0.026862026862
215,5.68742368742,0.021978021978
215.1,5.68253968254,0.021978021978
215.2,5.68742368742,0.021978021978
215.3,5.69230769231,0.021978021978
215.4,5.68742368742,0.021978021978
215.5,5.68253968254,0.026862026862
215.6,5.69230769231,0.026862026862
215.7,5.68742368742,0.021978021978
215.8,5.68742368742,0.021978021978
215.9,5.70207570208,0.021978021978
216,5.71184371184,0.026862026862
216.1,5.70695970696,0.021978021978
216.2,5.71672771673,0.031746031746
216.3,5.71672771673,0.026862026862
216.4,5.71672771673,0.026862026862
216.5,5.7264957265,0.021978021978
216.6,5.72161172161,0.021978021978
216.7,5.72161172161,0.021978021978
216.8,5.7264957265,0.026862026862
216.9,5.73626373626,0.026862026862
217,5.73137973138,0.026862026862
217.1,5.75091575092,0.031746031746
217.2,5.74603174603,0.026862026862
217.3,5.74603174603,0.021978021978
217.4,5.76068376068,0.026862026862
217.5,5.76068376068,0.031746031746
217.6,5.7557997558,0.026862026862
217.7,5.76068376068,0.031746031746
217.8,5.77533577534,0.026862026862
217.9,5.77533577534,0.031746031746
218,5.78021978022,0.021978021978
218.1,5.78021978022,0.026862026862
218.2,5.78021978022,0.026862026862
218.3,5.7851037851,0.026862026862
218.4,5.79975579976,0.031746031746
218.5,5.81440781441,0.031746031746
218.6,5.81929181929,0.026862026862
218.7,5.81929181929,0.026862026862
218.8,5.82417582418,0.026862026862
218.9,5.82905982906,0.031746031746
219,5.82905982906,0.026862026862
219.1,5.82417582418,0.026862026862
219.2,5.82905982906,0.031746031746
219.3,5.82905982906,0.026862026862
219.4,5.82905982906,0.026862026862
219.5,5.82905982906,0.026862026862
219.6,5.82905982906,0.026862026862
219.7,5.83394383394,0.031746031746
219.8,5.84371184371,0.031746031746
219.9,5.85836385836,0.026862026862
220,5.86813186813,0.026862026862
220.1,5.88278388278,0.03663003663
220.2,5.9072039072,0.031746031746
220.3,5.95604395604,0.026862026862
220.4,5.95604395604,0.031746031746
220.5,5.96092796093,0.03663003663
220.6,5.95115995116,0.026862026862
220.7,5.96092796093,0.031746031746
220.8,5.96092796093,0.026862026862
220.9,5.95604395604,0.026862026862
221,5.97557997558,0.03663003663
221.1,5.99023199023,0.031746031746
221.2,6.02442002442,0.026862026862
221.3,6.04395604396,0.031746031746
221.4,6.04395604396,0.03663003663
221.5,6.03907203907,0.031746031746
221.6,6.03907203907,0.031746031746
221.7,6.04395604396,0.03663003663
221.8,6.04884004884,0.031746031746
221.9,6.04884004884,0.031746031746
222,6.03907203907,0.031746031746
222.1,6.03907203907,0.03663003663
222.2,6.05860805861,0.031746031746
222.3,6.06837606838,0.031746031746
222.4,6.07326007326,0.026862026862
222.5,6.0927960928,0.041514041514
222.6,6.09768009768,0.031746031746
222.7,6.09768009768,0.026862026862
222.8,6.11721611722,0.03663003663
222.9,6.15628815629,0.031746031746
223,6.16117216117,0.031746031746
223.1,6.16117216117,0.031746031746
223.2,6.16605616606,0.03663003663
223.3,6.16117216117,0.031746031746
223.4,6.16117216117,0.031746031746
223.5,6.16117216117,0.031746031746
223.6,6.16117216117,0.026862026862
223.7,6.16117216117,0.031746031746
223.8,6.16605616606,0.031746031746
223.9,6.17094017094,0.031746031746
224,6.19047619048,0.03663003663
224.1,6.19536019536,0.031746031746
224.2,6.19536019536,0.031746031746
224.3,6.19536019536,0.031746031746
224.4,6.20512820513,0.026862026862
224.5,6.20512820513,0.026862026862
224.6,6.22466422466,0.031746031746
224.7,6.23931623932,0.031746031746
224.8,6.23443223443,0.031746031746
224.9,6.2442002442,0.031746031746
225,6.2442002442,0.031746031746
225.1,6.23931623932,0.031746031746
225.2,6.23931623932,0.031746031746
225.3,6.23931623932,0.03663003663
225.4,6.23443223443,0.021978021978
225.5,6.2442002442,0.031746031746
225.6,6.23443223443,0.031746031746
225.7,6.23931623932,0.031746031746
225.8,6.25396825397,0.031746031746
225.9,6.25885225885,0.031746031746
226,6.25396825397,0.031746031746
226.1,6.26373626374,0.031746031746
226.2,6.25885225885,0.031746031746
226.3,6.25885225885,0.031746031746
226.4,6.26373626374,0.031746031746
226.5,6.26373626374,0.031746031746
226.6,6.25885225885,0.026862026862
226.7,6.2735042735,0.031746031746
226.8,6.28327228327,0.031746031746
226.9,6.28327228327,0.026862026862
227,6.29304029304,0.031746031746
227.1,6.29304029304,0.031746031746
227.2,6.28327228327,0.031746031746
227.3,6.29304029304,0.03663003663
227.4,6.29304029304,0.026862026862
227.5,6.28815628816,0.031746031746
227.6,6.30769230769,0.03663003663
227.7,6.31746031746,0.03663003663
227.8,6.31257631258,0.026862026862
227.9,6.31746031746,0.031746031746
228,6.31257631258,0.031746031746
228.1,6.31257631258,0.026862026862
228.2,6.31746031746,0.031746031746
228.3,6.31257631258,0.031746031746
228.4,6.31257631258,0.031746031746
228.5,6.31746031746,0.031746031746
228.6,6.32234432234,0.026862026862
228.7,6.31746031746,0.026862026862
228.8,6.32722832723,0.026862026862
228.9,6.336996337,0.031746031746
229,6.33211233211,0.031746031746
229.1,6.336996337,0.03663003663
229.2,6.34188034188,0.031746031746
229.3,6.34188034188,0.031746031746
229.4,6.34676434676,0.031746031746
229.5,6.34188034188,0.031746031746
229.6,6.35164835165,0.031746031746
229.7,6.36141636142,0.031746031746
229.8,6.36141636142,0.026862026862
229.9,6.36141636142,0.021978021978
230,6.36141636142,0.026862026862
230.1,6.37118437118,0.031746031746
230.2,6.37118437118,0.026862026862
230.3,6.3663003663,0.026862026862
230.4,6.3663003663,0.031746031746
230.5,6.37118437118,0.031746031746
230.6,6.38095238095,0.031746031746
230.7,6.38583638584,0.031746031746
230.8,6.38583638584,0.026862026862
230.9,6.39072039072,0.031746031746
231,6.39072039072,0.031746031746
231.1,6.38583638584,0.026862026862
231.2,6.39072039072,0.026862026862
231.3,6.38583638584,0.026862026862
231.4,6.38583638584,0.021978021978
231.5,6.39072039072,0.026862026862
231.6,6.38583638584,0.031746031746
231.7,6.38583638584,0.026862026862
231.8,6.39072039072,0.031746031746
231.9,6.3956043956,0.026862026862
232,6.3956043956,0.026862026862
232.1,6.42979242979,0.026862026862
232.2,6.43467643468,0.026862026862
232.3,6.43956043956,0.031746031746
232.4,6.44444444444,0.031746031746
232.5,6.44444444444,0.031746031746
232.6,6.44444444444,0.031746031746
232.7,6.44932844933,0.031746031746
232.8,6.44444444444,0.021978021978
232.9,6.44444444444,0.026862026862
233,6.44932844933,0.026862026862
233.1,6.44932844933,0.026862026862
233.2,6.4590964591,0.026862026862
233.3,6.46886446886,0.021978021978
233.4,6.46886446886,0.031746031746
233.5,6.47863247863,0.026862026862
233.6,6.4884004884,0.031746031746
233.7,6.48351648352,0.031746031746
233.8,6.48351648352,0.021978021978
233.9,6.47863247863,0.026862026862
234,6.47863247863,0.026862026862
234.1,6.48351648352,0.021978021978
234.2,6.4884004884,0.026862026862
234.3,6.50793650794,0.031746031746
234.4,6.50793650794,0.021978021978
234.5,6.50793650794,0.031746031746
234.6,6.50793650794,0.026862026862
234.7,6.51282051282,0.021978021978
234.8,6.5177045177,0.026862026862
234.9,6.53724053724,0.026862026862
235,6.53235653236,0.021978021978
235.1,6.53724053724,0.026862026862
235.2,6.53724053724,0.026862026862
235.3,6.53724053724,0.026862026862
235.4,6.53724053724,0.026862026862
235.5,6.53235653236,0.026862026862
235.6,6.53724053724,0.021978021978
235.7,6.54212454212,0.031746031746
235.8,6.54212454212,0.026862026862
235.9,6.54212454212,0.026862026862
236,6.55677655678,0.026862026862
236.1,6.56166056166,0.026862026862
236.2,6.56654456654,0.021978021978
236.3,6.56654456654,0.026862026862
236.4,6.57142857143,0.031746031746
236.5,6.56166056166,0.021978021978
236.6,6.57142857143,0.021978021978
236.7,6.6105006105,0.026862026862
236.8,6.63492063492,0.021978021978
236.9,6.63492063492,0.026862026862
237,6.6398046398,0.026862026862
237.1,6.6398046398,0.021978021978
237.2,6.6398046398,0.021978021978
237.3,6.64468864469,0.026862026862
237.4,6.64468864469,0.021978021978
237.5,6.6398046398,0.021978021978
237.6,6.6398046398,0.021978021978
237.7,6.63492063492,0.021978021978
237.8,6.6398046398,0.017094017094
237.9,6.63492063492,0.021978021978
238,6.63003663004,0.017094017094
238.1,6.64468864469,0.021978021978
238.2,6.64468864469,0.021978021978
238.3,6.64957264957,0.026862026862
238.4,6.65445665446,0.026862026862
238.5,6.66422466422,0.021978021978
238.6,6.66422466422,0.021978021978
238.7,6.66422466422,0.021978021978
238.8,6.66910866911,0.021978021978
238.9,6.66422466422,0.021978021978
239,6.66422466422,0.021978021978
239.1,6.66910866911,0.021978021978
239.2,6.65934065934,0.021978021978
239.3,6.67399267399,0.026862026862
239.4,6.66910866911,0.026862026862
239.5,6.66422466422,0.017094017094
239.6,6.66910866911,0.021978021978
239.7,6.67399267399,0.031746031746
239.8,6.67887667888,0.021978021978
239.9,6.68864468864,0.021978021978
240,6.73748473748,0.017094017094
240.1,6.76678876679,0.021978021978
240.2,6.77167277167,0.021978021978
240.3,6.77655677656,0.021978021978
240.4,6.77167277167,0.017094017094
240.5,6.77167277167,0.021978021978
240.6,6.76678876679,0.026862026862
240.7,6.77167277167,0.021978021978
240.8,6.76678876679,0.017094017094
240.9,6.77167277167,0.021978021978
241,6.7619047619,0.017094017094
241.1,6.77167277167,0.021978021978
241.2,6.78144078144,0.021978021978
241.3,6.78144078144,0.021978021978
241.4,6.78144078144,0.021978021978
241.5,6.78632478632,0.021978021978
241.6,6.80097680098,0.017094017094
241.7,6.81562881563,0.021978021978
241.8,6.82051282051,0.026862026862
241.9,6.81562881563,0.021978021978
242,6.83028083028,0.021978021978
242.1,6.84981684982,0.021978021978
242.2,6.84493284493,0.017094017094
242.3,6.85958485958,0.021978021978
242.4,6.85958485958,0.017094017094
242.5,6.8547008547,0.017094017094
242.6,6.86446886447,0.021978021978
242.7,6.86935286935,0.021978021978
242.8,6.87423687424,0.017094017094
242.9,6.87912087912,0.021978021978
243,6.89377289377,0.021978021978
243.1,6.89865689866,0.021978021978
243.2,6.91330891331,0.031746031746
243.3,6.92307692308,0.017094017094
243.4,6.92796092796,0.017094017094
243.5,6.93772893773,0.017094017094
243.6,6.93772893773,0.017094017094
243.7,6.93284493284,0.017094017094
243.8,6.93284493284,0.017094017094
243.9,6.94261294261,0.017094017094
244,6.93284493284,0.017094017094
244.1,6.94261294261,0.021978021978
244.2,6.93772893773,0.017094017094
244.3,6.93772893773,0.021978021978
244.4,6.94261294261,0.021978021978
244.5,6.95726495726,0.021978021978
244.6,6.97191697192,0.021978021978
244.7,6.98656898657,0.021978021978
244.8,6.98656898657,0.021978021978
244.9,6.98656898657,0.021978021978
245,6.98656898657,0.017094017094
245.1,6.98656898657,0.017094017094
245.2,6.98656898657,0.021978021978
245.3,6.99145299145,0.021978021978
245.4,6.99633699634,0.021978021978
245.5,7.00610500611,0.017094017094
245.6,7.01587301587,0.021978021978
245.7,7.01587301587,0.01221001221
245.8,7.01098901099,0.017094017094
245.9,7.02075702076,0.021978021978
246,7.02075702076,0.021978021978
246.1,7.01587301587,0.01221001221
246.2,7.03052503053,0.021978021978
246.3,7.03540903541,0.021978021978
246.4,7.03052503053,0.021978021978
246.5,7.04029304029,0.017094017094
246.6,7.04029304029,0.017094017094
246.7,7.04517704518,0.017094017094
246.8,7.06471306471,0.017094017094
246.9,7.13797313797,0.021978021978
247,7.12820512821,0.017094017094
247.1,7.13308913309,0.017094017094
247.2,7.13308913309,0.021978021978
247.3,7.13308913309,0.021978021978
247.4,7.13308913309,0.021978021978
247.5,7.13308913309,0.01221001221
247.6,7.12820512821,0.017094017094
247.7,7.13308913309,0.021978021978
247.8,7.13308913309,0.021978021978
247.9,7.13308913309,0.017094017094
248,7.13308913309,0.021978021978
248.1,7.13797313797,0.017094017094
248.2,7.13797313797,0.021978021978
248.3,7.15750915751,0.021978021978
248.4,7.17216117216,0.021978021978
248.5,7.18192918193,0.021978021978
248.6,7.17704517705,0.017094017094
248.7,7.18192918193,0.021978021978
248.8,7.18192918193,0.017094017094
248.9,7.1916971917,0.021978021978
249,7.1916971917,0.017094017094
249.1,7.18681318681,0.021978021978
249.2,7.1916971917,0.021978021978
249.3,7.19658119658,0.021978021978
249.4,7.19658119658,0.017094017094
249.5,7.21123321123,0.017094017094
249.6,7.23076923077,0.021978021978
249.7,7.23565323565,0.017094017094
249.8,7.23565323565,0.021978021978
249.9,7.23565323565,0.021978021978
250,7.23076923077,0.017094017094
250.1,7.23076923077,0.017094017094
250.2,7.23565323565,0.017094017094
250.3,7.23565323565,0.01221001221
250.4,7.23565323565,0.01221001221
250.5,7.23565323565,0.021978021978
250.6,7.28449328449,0.017094017094
250.7,7.29426129426,0.021978021978
250.8,7.29914529915,0.021978021978
250.9,7.29426129426,0.017094017094
251,7.29914529915,0.021978021978
251.1,7.29914529915,0.017094017094
251.2,7.29426129426,0.017094017094
251.3,7.29914529915,0.017094017094
251.4,7.29914529915,0.021978021978
251.5,7.29426129426,0.017094017094
251.6,7.29914529915,0.021978021978
251.7,7.29426129426,0.01221001221
251.8,7.28937728938,0.01221001221
251.9,7.29426129426,0.021978021978
252,7.29914529915,0.021978021978
252.1,7.29426129426,0.01221001221
252.2,7.30402930403,0.017094017094
252.3,7.3431013431,0.017094017094
252.4,7.35775335775,0.017094017094
252.5,7.36752136752,0.021978021978
252.6,7.36752136752,0.021978021978
252.7,7.36263736264,0.021978021978
252.8,7.37240537241,0.021978021978
252.9,7.36752136752,0.026862026862
253,7.36752136752,0.021978021978
253.1,7.37240537241,0.017094017094
253.2,7.36752136752,0.021978021978
253.3,7.36263736264,0.017094017094
253.4,7.36752136752,0.021978021978
253.5,7.37728937729,0.021978021978
253.6,7.37728937729,0.021978021978
253.7,7.37728937729,0.017094017094
253.8,7.37728937729,0.021978021978
253.9,7.37728937729,0.021978021978
254,7.37728937729,0.017094017094
254.1,7.38217338217,0.021978021978
254.2,7.39682539683,0.021978021978
254.3,7.41636141636,0.021978021978
254.4,7.41636141636,0.021978021978
254.5,7.41636141636,0.017094017094
254.6,7.43101343101,0.017094017094
254.7,7.46031746032,0.026862026862
254.8,7.4652014652,0.021978021978
254.9,7.47008547009,0.026862026862
255,7.47008547009,0.021978021978
255.1,7.47008547009,0.017094017094
255.2,7.47985347985,0.021978021978
255.3,7.48962148962,0.021978021978
255.4,7.54334554335,0.021978021978
255.5,7.55311355311,0.026862026862
255.6,7.55311355311,0.026862026862
255.7,7.54822954823,0.021978021978
255.8,7.55311355311,0.026862026862
255.9,7.557997558,0.026862026862
256,7.557997558,0.021978021978
256.1,7.55311355311,0.021978021978
256.2,7.55311355311,0.026862026862
256.3,7.54822954823,0.021978021978
256.4,7.55311355311,0.021978021978
256.5,7.55311355311,0.021978021978
256.6,7.54334554335,0.021978021978
256.7,7.55311355311,0.026862026862
256.8,7.557997558,0.026862026862
256.9,7.54822954823,0.021978021978
257,7.557997558,0.026862026862
257.1,7.557997558,0.021978021978
257.2,7.557997558,0.021978021978
257.3,7.56776556777,0.026862026862
257.4,7.56776556777,0.021978021978
257.5,7.57264957265,0.021978021978
257.6,7.58241758242,0.026862026862
257.7,7.5873015873,0.026862026862
257.8,7.58241758242,0.017094017094
257.9,7.5873015873,0.021978021978
258,7.59218559219,0.026862026862
258.1,7.59218559219,0.026862026862
258.2,7.59706959707,0.021978021978
258.3,7.59706959707,0.021978021978
258.4,7.5873015873,0.021978021978
258.5,7.59706959707,0.026862026862
258.6,7.59218559219,0.021978021978
258.7,7.5873015873,0.021978021978
258.8,7.67521367521,0.026862026862
258.9,7.68498168498,0.026862026862
259,7.68498168498,0.021978021978
259.1,7.6800976801,0.021978021978
259.2,7.68498168498,0.026862026862
259.3,7.6800976801,0.026862026862
259.4,7.68498168498,0.026862026862
259.5,7.68498168498,0.026862026862
259.6,7.68498168498,0.026862026862
259.7,7.6800976801,0.021978021978
259.8,7.69963369963,0.021978021978
259.9,7.7094017094,0.021978021978
260,7.71916971917,0.031746031746
260.1,7.71916971917,0.031746031746
260.2,7.72893772894,0.026862026862
260.3,7.74358974359,0.026862026862
260.4,7.74358974359,0.031746031746
260.5,7.75824175824,0.031746031746
260.6,7.77777777778,0.021978021978
260.7,7.81684981685,0.026862026862
260.8,7.86080586081,0.026862026862
260.9,7.87057387057,0.031746031746
261,7.87057387057,0.031746031746
261.1,7.86080586081,0.026862026862
261.2,7.86080586081,0.026862026862
261.3,7.86080586081,0.026862026862
261.4,7.86080586081,0.026862026862
261.5,7.86568986569,0.031746031746
261.6,7.87057387057,0.026862026862
261.7,7.87057387057,0.026862026862
261.8,7.87545787546,0.031746031746
261.9,7.88522588523,0.026862026862
262,7.89987789988,0.026862026862
262.1,7.91452991453,0.031746031746
262.2,7.91941391941,0.026862026862
262.3,7.91941391941,0.026862026862
262.4,7.93894993895,0.026862026862
262.5,7.9536019536,0.031746031746
262.6,7.94871794872,0.031746031746
262.7,7.9536019536,0.026862026862
262.8,7.9536019536,0.031746031746
262.9,7.94871794872,0.031746031746
263,7.94871794872,0.026862026862
263.1,7.9536019536,0.031746031746
263.2,7.94871794872,0.026862026862
263.3,7.9536019536,0.031746031746
263.4,7.9536019536,0.031746031746
263.5,7.94871794872,0.031746031746
263.6,7.9536019536,0.026862026862
263.7,7.94871794872,0.026862026862
263.8,7.94871794872,0.021978021978
263.9,7.94871794872,0.026862026862
264,7.9536019536,0.026862026862
264.1,7.9536019536,0.031746031746
264.2,7.9536019536,0.031746031746
264.3,7.9536019536,0.026862026862
264.4,7.94383394383,0.026862026862
264.5,7.94871794872,0.026862026862
264.6,7.9536019536,0.031746031746
264.7,7.9536019536,0.026862026862
264.8,7.94871794872,0.021978021978
264.9,7.9536019536,0.026862026862
265,7.94871794872,0.026862026862
265.1,7.9536019536,0.031746031746
265.2,7.96336996337,0.031746031746
265.3,7.98290598291,0.031746031746
265.4,8.01709401709,0.03663003663
265.5,8.02686202686,0.031746031746
265.6,8.02197802198,0.026862026862
265.7,8.03174603175,0.031746031746
265.8,8.02686202686,0.031746031746
265.9,8.02686202686,0.031746031746
266,8.02686202686,0.031746031746
266.1,8.03174603175,0.026862026862
266.2,8.02686202686,0.026862026862
266.3,8.02686202686,0.031746031746
266.4,8.03174603175,0.03663003663
266.5,8.03174603175,0.031746031746
266.6,8.03663003663,0.031746031746
266.7,8.03174603175,0.026862026862
266.8,8.03174603175,0.026862026862
266.9,8.03174603175,0.031746031746
267,8.03174603175,0.031746031746
267.1,8.02197802198,0.031746031746
267.2,8.03174603175,0.031746031746
267.3,8.03663003663,0.026862026862
267.4,8.03663003663,0.026862026862
267.5,8.04151404151,0.026862026862
267.6,8.04151404151,0.031746031746
267.7,8.03663003663,0.026862026862
267.8,8.04151404151,0.031746031746
267.9,8.04151404151,0.031746031746
268,8.03663003663,0.026862026862
268.1,8.0463980464,0.031746031746
268.2,8.04151404151,0.03663003663
268.3,8.04151404151,0.026862026862
268.4,8.03663003663,0.031746031746
268.5,8.04151404151,0.026862026862
268.6,8.04151404151,0.026862026862
268.7,8.0463980464,0.031746031746
268.8,8.0463980464,0.031746031746
268.9,8.04151404151,0.026862026862
269,8.04151404151,0.026862026862
269.1,8.0463980464,0.026862026862
269.2,8.03663003663,0.026862026862
269.3,8.0463980464,0.026862026862
269.4,8.03663003663,0.031746031746
269.5,8.03663003663,0.026862026862
269.6,8.05128205128,0.031746031746
269.7,8.04151404151,0.031746031746
269.8,8.0463980464,0.031746031746
269.9,8.0463980464,0.031746031746
270,8.05128205128,0.031746031746
270.1,8.04151404151,0.026862026862
270.2,8.0463980464,0.026862026862
270.3,8.05128205128,0.026862026862
270.4,8.04151404151,0.026862026862
270.5,8.04151404151,0.031746031746
270.6,8.0463980464,0.03663003663
270.7,8.0463980464,0.026862026862
270.8,8.05616605617,0.031746031746
270.9,8.0463980464,0.031746031746
271,8.03663003663,0.026862026862
271.1,8.04151404151,0.031746031746
271.2,8.0463980464,0.026862026862
271.3,8.04151404151,0.026862026862
271.4,8.04151404151,0.031746031746
271.5,8.03663003663,0.031746031746
271.6,8.03663003663,0.031746031746
271.7,8.0463980464,0.031746031746
271.8,8.05128205128,0.031746031746
271.9,8.04151404151,0.026862026862
272,8.0463980464,0.03663003663
272.1,8.0463980464,0.031746031746
272.2,8.04151404151,0.031746031746
272.3,8.0463980464,0.03663003663
272.4,8.04151404151,0.031746031746
272.5,8.0463980464,0.031746031746
272.6,8.05128205128,0.031746031746
272.7,8.0463980464,0.031746031746
272.8,8.04151404151,0.026862026862
272.9,8.04151404151,0.026862026862
273,8.0463980464,0.026862026862
273.1,8.03663003663,0.026862026862
273.2,8.0463980464,0.031746031746
273.3,8.0463980464,0.031746031746
273.4,8.0463980464,0.026862026862
273.5,8.0463980464,0.031746031746
273.6,8.0463980464,0.031746031746
273.7,8.04151404151,0.026862026862
273.8,8.0463980464,0.031746031746
273.9,8.0463980464,0.031746031746
274,8.04151404151,0.026862026862
274.1,8.0463980464,0.026862026862
274.2,8.04151404151,0.026862026862
274.3,8.04151404151,0.026862026862
274.4,8.0463980464,0.026862026862
274.5,8.05128205128,0.03663003663
274.6,8.04151404151,0.026862026862
274.7,8.0463980464,0.031746031746
274.8,8.0463980464,0.031746031746
274.9,8.04151404151,0.026862026862
275,8.0463980464,0.031746031746
275.1,8.0463980464,0.031746031746
275.2,8.04151404151,0.026862026862
275.3,8.05128205128,0.031746031746
275.4,8.0463980464,0.031746031746
